{
"groups": [
{
"CODE": "DAY_GAINERS_DJI",
"EXTERNAL_CODE": "DAY_GAINERS_DJI",
"DISPLAY_NAME": "Dow Jones Leaders",
"INTERNAL_SYMBOL": "PFE,CAT,RTX,BA,UNH",
"INTERNAL_SYMBOL_UPPERCASE": "PFE,CAT,RTX,BA,UNH",
"CATEGORY": "",
"MARKET_CODE": "",
"MARKET_NAME": "",
"SORT_TYPE": "Manual",
"COUNT": 5
}
],
"securities": [
  {
    "INTERNAL_SYMBOL": "PFE",
    "INTERNAL_SYMBOL_UPPERCASE": "PFE",
    "SYMBOL": "PFE",
    "DATA_PROVIDER_SECURITY_SYMBOL": "PFE",
    "GROUP_CODE": "",
    "SECURITY_TYPE": "Stock",
    "DISPLAY_NAME": "Pfizer",
    "SHORT_NAME": "Pfizer",
    "ALTERNATE_NAME": "",
    "NAME": "Pfizer",
    "MARKET_CODE": "NYQ",
    "TRADE_DATE": "10/16/2020 12:00:00 AM",
    "TRADE_TIME": "16:02:07",
    "TRADE_PRICE": "37.95",
    "TRADE_PRICE_FULL": "37.95",
    "TRADE_PRICE_EXT_HOURS": "38.25",
    "TRADE_PRICE_FULL_EXT_HOURS": "38.25",
    "TRADE_DATE_EXT_HOURS": "10/16/2020 12:00:00 AM",
    "TRADE_TIME_EXT_HOURS": "19:59:54",
    "PERCENT_CHANGE": "+3.83",
    "PERCENT_CHANGE_FULL": "3.83",
    "PERCENT_CHANGE_EXT_HOURS": "+0.79",
    "CHANGE_COLOR": "16DA3A",
    "NET_CHANGE": "+1.40",
    "NET_CHANGE_FULL": "1.4",
    "NET_CHANGE_EXT_HOURS": "+0.30",
    "NET_CHANGE_ARROW": "1",
    "NET_CHANGE_ARROW_EXT_HOURS": "1",
    "VOLUME": "40.1 M",
    "VOLUME_FULL": "40071955",
    "OPEN_VALUE": "37.07",
    "CLOSE_VALUE": "",
    "LOW_VALUE": "37.02",
    "HIGH_VALUE": "38.12",
    "PRICE_PRECISION": "2",
    "UNITS": "",
    "EXPIRY_DATE": "",
    "EXPIRY_MONTH": "",
    "EXPIRY_YEAR": "",
    "EXPIRY_MMMYY": "",
    "CLOSE_YIELD": "",
    "YIELD": "",
    "YIELD_TO_MATURITY": "",
    "TURNOVER": "",
    "TURNOVER_FULL": "",
    "MATURITY_DATE": "",
    "TERM_YEARS": "",
    "COUPON": "",
    "NBR_COUPONS_PER_YEAR": "",
    "PREVIOUS_CLOSE": "36.55",
    "BID": "38.22",
    "ASK": "38.17",
    "PE_RATIO": "15.024",
    "INDUSTRY": "",
    "IPO_PRICE": "",
    "IPO_DATE": "",
    "DATA_PROVIDER_NAME": "YAHOO",
    "52WK_HIGH": "40.97",
    "52WK_HIGH_DATE": "",
    "52WK_LOW": "27.88",
    "52WK_LOW_DATE": "",
    "1YR_NET_CHANGE": "",
    "1YR_PERCENTAGE_CHANGE": "",
    "YTD_NET_CHANGE": "",
    "YTD_PERCENT_CHANGE": "",
    "MARKET_STATUS": "CLOSED",
    "MARKET_CAP": "210883592192",
    "MARKET_CAP_DISPLAY": "210.8B",
    "NBR_TRADES": "",
    "OPEN_INTEREST": "",
    "TIMESTAMP_LOCAL": "10/16/2020 7:59:54 PM",
    "TIMESTAMP_UTC": "10/16/2020 11:59:54 PM",
    "DIVIDEND": "1.48",
    "VOLUME_AVG": "22034100",
    "EARNINGS_PER_SHARE": "2.526",
    "OUTSTANDING_SHARES": "5556879872",
    "BETA_RATIO": "",
    "1YR_TARGET_ESTIMATE": "",
    "NEXT_EARNING_DATE": "10/27/2020 8:30:00 AM",
    "CUSTOM_DATA": "",
    "FETCHED_TIMESTAMP_UTC": "2020-10-17T18:40:50",
    "FROM_COUNTRY_CODE": "",
    "COUNTRY_CODE": "",
    "CURRENCY_CODE": "",
    "CURRENCY_SYMBOL": "",
    "MARKET_VOLUME": " ",
    "MARKET_TURNOVER": " ",
    "MARKET_VOLUME_CODE": "",
    "MARKET_TURNOVER_CODE": ""
  },
  {
    "INTERNAL_SYMBOL": "CAT",
    "INTERNAL_SYMBOL_UPPERCASE": "CAT",
    "SYMBOL": "CAT",
    "DATA_PROVIDER_SECURITY_SYMBOL": "CAT",
    "GROUP_CODE": "",
    "SECURITY_TYPE": "Stock",
    "DISPLAY_NAME": "Caterpillar",
    "SHORT_NAME": "Caterpillar",
    "ALTERNATE_NAME": "",
    "NAME": "Caterpillar",
    "MARKET_CODE": "NYQ",
    "TRADE_DATE": "10/16/2020 12:00:00 AM",
    "TRADE_TIME": "16:00:01",
    "TRADE_PRICE": "168.75",
    "TRADE_PRICE_FULL": "168.75",
    "TRADE_PRICE_EXT_HOURS": "168.50",
    "TRADE_PRICE_FULL_EXT_HOURS": "168.5",
    "TRADE_DATE_EXT_HOURS": "10/16/2020 12:00:00 AM",
    "TRADE_TIME_EXT_HOURS": "19:51:25",
    "PERCENT_CHANGE": "+2.25",
    "PERCENT_CHANGE_FULL": "2.25",
    "PERCENT_CHANGE_EXT_HOURS": "-0.15",
    "CHANGE_COLOR": "16DA3A",
    "NET_CHANGE": "+3.71",
    "NET_CHANGE_FULL": "3.71",
    "NET_CHANGE_EXT_HOURS": "-0.25",
    "NET_CHANGE_ARROW": "1",
    "NET_CHANGE_ARROW_EXT_HOURS": "-1",
    "VOLUME": "5.4 M",
    "VOLUME_FULL": "5447059",
    "OPEN_VALUE": "167.25",
    "CLOSE_VALUE": "",
    "LOW_VALUE": "166.62",
    "HIGH_VALUE": "170.51",
    "PRICE_PRECISION": "2",
    "UNITS": "",
    "EXPIRY_DATE": "",
    "EXPIRY_MONTH": "",
    "EXPIRY_YEAR": "",
    "EXPIRY_MMMYY": "",
    "CLOSE_YIELD": "",
    "YIELD": "",
    "YIELD_TO_MATURITY": "",
    "TURNOVER": "",
    "TURNOVER_FULL": "",
    "MATURITY_DATE": "",
    "TERM_YEARS": "",
    "COUPON": "",
    "NBR_COUPONS_PER_YEAR": "",
    "PREVIOUS_CLOSE": "165.04",
    "BID": "168.75",
    "ASK": "168.90",
    "PE_RATIO": "22.539",
    "INDUSTRY": "",
    "IPO_PRICE": "",
    "IPO_DATE": "",
    "DATA_PROVIDER_NAME": "YAHOO",
    "52WK_HIGH": "170.51",
    "52WK_HIGH_DATE": "",
    "52WK_LOW": "87.50",
    "52WK_LOW_DATE": "",
    "1YR_NET_CHANGE": "",
    "1YR_PERCENTAGE_CHANGE": "",
    "YTD_NET_CHANGE": "",
    "YTD_PERCENT_CHANGE": "",
    "MARKET_STATUS": "CLOSED",
    "MARKET_CAP": "91379310592",
    "MARKET_CAP_DISPLAY": "91.37B",
    "NBR_TRADES": "",
    "OPEN_INTEREST": "",
    "TIMESTAMP_LOCAL": "10/16/2020 7:51:25 PM",
    "TIMESTAMP_UTC": "10/16/2020 11:51:25 PM",
    "DIVIDEND": "4.12",
    "VOLUME_AVG": "3559400",
    "EARNINGS_PER_SHARE": "7.487",
    "OUTSTANDING_SHARES": "541507008",
    "BETA_RATIO": "",
    "1YR_TARGET_ESTIMATE": "",
    "NEXT_EARNING_DATE": "10/27/2020 2:30:00 AM",
    "CUSTOM_DATA": "",
    "FETCHED_TIMESTAMP_UTC": "2020-10-17T18:40:50",
    "FROM_COUNTRY_CODE": "",
    "COUNTRY_CODE": "",
    "CURRENCY_CODE": "",
    "CURRENCY_SYMBOL": "",
    "MARKET_VOLUME": " ",
    "MARKET_TURNOVER": " ",
    "MARKET_VOLUME_CODE": "",
    "MARKET_TURNOVER_CODE": ""
  },
  {
    "INTERNAL_SYMBOL": "RTX",
    "INTERNAL_SYMBOL_UPPERCASE": "RTX",
    "SYMBOL": "RTX",
    "DATA_PROVIDER_SECURITY_SYMBOL": "RTX",
    "GROUP_CODE": "",
    "SECURITY_TYPE": "Stock",
    "DISPLAY_NAME": "Raytheon Technologies Corporati",
    "SHORT_NAME": "Raytheon Technologies |Corporati",
    "ALTERNATE_NAME": "",
    "NAME": "Raytheon Technologies Corporation",
    "MARKET_CODE": "NYQ",
    "TRADE_DATE": "10/16/2020 12:00:00 AM",
    "TRADE_TIME": "16:00:01",
    "TRADE_PRICE": "61.75",
    "TRADE_PRICE_FULL": "61.75",
    "TRADE_PRICE_EXT_HOURS": "61.40",
    "TRADE_PRICE_FULL_EXT_HOURS": "61.4",
    "TRADE_DATE_EXT_HOURS": "10/16/2020 12:00:00 AM",
    "TRADE_TIME_EXT_HOURS": "19:47:28",
    "CHANGE_COLOR": "16DA3A",
    "PERCENT_CHANGE": "+2.08",
    "PERCENT_CHANGE_FULL": "2.08",
    "PERCENT_CHANGE_EXT_HOURS": "-0.57",
    "NET_CHANGE": "+1.26",
    "NET_CHANGE_FULL": "1.26",
    "NET_CHANGE_EXT_HOURS": "-0.35",
    "NET_CHANGE_ARROW": "1",
    "NET_CHANGE_ARROW_EXT_HOURS": "-1",
    "VOLUME": "7.6 M",
    "VOLUME_FULL": "7580005",
    "OPEN_VALUE": "61.00",
    "CLOSE_VALUE": "",
    "LOW_VALUE": "60.64",
    "HIGH_VALUE": "62.04",
    "PRICE_PRECISION": "2",
    "UNITS": "",
    "EXPIRY_DATE": "",
    "EXPIRY_MONTH": "",
    "EXPIRY_YEAR": "",
    "EXPIRY_MMMYY": "",
    "CLOSE_YIELD": "",
    "YIELD": "",
    "YIELD_TO_MATURITY": "",
    "TURNOVER": "",
    "TURNOVER_FULL": "",
    "MATURITY_DATE": "",
    "TERM_YEARS": "",
    "COUPON": "",
    "NBR_COUPONS_PER_YEAR": "",
    "PREVIOUS_CLOSE": "60.49",
    "BID": "61.27",
    "ASK": "61.60",
    "PE_RATIO": "",
    "INDUSTRY": "",
    "IPO_PRICE": "",
    "IPO_DATE": "",
    "DATA_PROVIDER_NAME": "YAHOO",
    "52WK_HIGH": "99.71",
    "52WK_HIGH_DATE": "",
    "52WK_LOW": "43.44",
    "52WK_LOW_DATE": "",
    "1YR_NET_CHANGE": "",
    "1YR_PERCENTAGE_CHANGE": "",
    "YTD_NET_CHANGE": "",
    "YTD_PERCENT_CHANGE": "",
    "MARKET_STATUS": "CLOSED",
    "MARKET_CAP": "94333009920",
    "MARKET_CAP_DISPLAY": "94.33B",
    "NBR_TRADES": "",
    "OPEN_INTEREST": "",
    "TIMESTAMP_LOCAL": "10/16/2020 7:47:28 PM",
    "TIMESTAMP_UTC": "10/16/2020 11:47:28 PM",
    "DIVIDEND": "",
    "VOLUME_AVG": "6006000",
    "EARNINGS_PER_SHARE": "",
    "OUTSTANDING_SHARES": "1527660032",
    "BETA_RATIO": "",
    "1YR_TARGET_ESTIMATE": "",
    "NEXT_EARNING_DATE": "10/27/2020 4:30:00 AM",
    "CUSTOM_DATA": "",
    "FETCHED_TIMESTAMP_UTC": "2020-10-17T18:40:50",
    "CURRENCY_CODE": "USD",
    "MARKET_VOLUME": " ",
    "MARKET_TURNOVER": " ",
    "MARKET_VOLUME_CODE": "",
    "MARKET_TURNOVER_CODE": ""
  },
  {
    "INTERNAL_SYMBOL": "BA",
    "INTERNAL_SYMBOL_UPPERCASE": "BA",
    "SYMBOL": "BA",
    "DATA_PROVIDER_SECURITY_SYMBOL": "BA",
    "GROUP_CODE": "",
    "SECURITY_TYPE": "Stock",
    "DISPLAY_NAME": "Boeing",
    "SHORT_NAME": "Boeing",
    "ALTERNATE_NAME": "",
    "NAME": "Boeing",
    "MARKET_CODE": "NYQ",
    "TRADE_DATE": "10/16/2020 12:00:00 AM",
    "TRADE_TIME": "16:00:01",
    "TRADE_PRICE": "167.35",
    "TRADE_PRICE_FULL": "167.35",
    "TRADE_PRICE_EXT_HOURS": "166.72",
    "TRADE_PRICE_FULL_EXT_HOURS": "166.72",
    "TRADE_DATE_EXT_HOURS": "10/16/2020 12:00:00 AM",
    "TRADE_TIME_EXT_HOURS": "19:59:56",
    "PERCENT_CHANGE": "+1.89",
    "PERCENT_CHANGE_FULL": "1.89",
    "PERCENT_CHANGE_EXT_HOURS": "-0.36",
    "CHANGE_COLOR": "16DA3A",
    "NET_CHANGE": "+3.11",
    "NET_CHANGE_FULL": "3.11",
    "NET_CHANGE_EXT_HOURS": "-0.61",
    "NET_CHANGE_ARROW": "1",
    "NET_CHANGE_ARROW_EXT_HOURS": "-1",
    "VOLUME": "31.7 M",
    "VOLUME_FULL": "31686002",
    "OPEN_VALUE": "171.22",
    "CLOSE_VALUE": "",
    "LOW_VALUE": "167.27",
    "HIGH_VALUE": "173.42",
    "PRICE_PRECISION": "2",
    "UNITS": "",
    "EXPIRY_DATE": "",
    "EXPIRY_MONTH": "",
    "EXPIRY_YEAR": "",
    "EXPIRY_MMMYY": "",
    "CLOSE_YIELD": "",
    "YIELD": "",
    "YIELD_TO_MATURITY": "",
    "TURNOVER": "",
    "TURNOVER_FULL": "",
    "MATURITY_DATE": "",
    "TERM_YEARS": "",
    "COUPON": "",
    "NBR_COUPONS_PER_YEAR": "",
    "PREVIOUS_CLOSE": "164.24",
    "BID": "167.12",
    "ASK": "167.29",
    "PE_RATIO": "",
    "INDUSTRY": "",
    "IPO_PRICE": "",
    "IPO_DATE": "",
    "DATA_PROVIDER_NAME": "YAHOO",
    "52WK_HIGH": "375.60",
    "52WK_HIGH_DATE": "",
    "52WK_LOW": "89.00",
    "52WK_LOW_DATE": "",
    "1YR_NET_CHANGE": "",
    "1YR_PERCENTAGE_CHANGE": "",
    "YTD_NET_CHANGE": "",
    "YTD_PERCENT_CHANGE": "",
    "MARKET_STATUS": "CLOSED",
    "MARKET_CAP": "94460551168",
    "MARKET_CAP_DISPLAY": "94.46B",
    "NBR_TRADES": "",
    "OPEN_INTEREST": "",
    "TIMESTAMP_LOCAL": "10/16/2020 7:59:56 PM",
    "TIMESTAMP_UTC": "10/16/2020 11:59:56 PM",
    "DIVIDEND": "6.165",
    "VOLUME_AVG": "18359325",
    "EARNINGS_PER_SHARE": "-5.032",
    "OUTSTANDING_SHARES": "564324992",
    "BETA_RATIO": "",
    "1YR_TARGET_ESTIMATE": "",
    "NEXT_EARNING_DATE": "10/28/2020 8:30:00 AM",
    "CUSTOM_DATA": "",
    "FETCHED_TIMESTAMP_UTC": "2020-10-17T18:40:50",
    "FROM_COUNTRY_CODE": "",
    "COUNTRY_CODE": "",
    "CURRENCY_CODE": "",
    "CURRENCY_SYMBOL": "",
    "MARKET_VOLUME": " ",
    "MARKET_TURNOVER": " ",
    "MARKET_VOLUME_CODE": "",
    "MARKET_TURNOVER_CODE": ""
  },
  {
    "INTERNAL_SYMBOL": "UNH",
    "INTERNAL_SYMBOL_UPPERCASE": "UNH",
    "SYMBOL": "UNH",
    "DATA_PROVIDER_SECURITY_SYMBOL": "UNH",
    "GROUP_CODE": "",
    "SECURITY_TYPE": "Stock",
    "DISPLAY_NAME": "UnitedHealth Group",
    "SHORT_NAME": "UnitedHealth",
    "ALTERNATE_NAME": "",
    "NAME": "UnitedHealth Group",
    "MARKET_CODE": "NYQ",
    "TRADE_DATE": "10/16/2020 12:00:00 AM",
    "TRADE_TIME": "16:00:01",
    "TRADE_PRICE": "329.90",
    "TRADE_PRICE_FULL": "329.9",
    "TRADE_PRICE_EXT_HOURS": "329.90",
    "TRADE_PRICE_FULL_EXT_HOURS": "329.9",
    "TRADE_DATE_EXT_HOURS": "10/16/2020 12:00:00 AM",
    "TRADE_TIME_EXT_HOURS": "17:09:48",
    "PERCENT_CHANGE": "+1.64",
    "PERCENT_CHANGE_FULL": "1.64",
    "PERCENT_CHANGE_EXT_HOURS": "0.00",
    "CHANGE_COLOR": "16DA3A",
    "NET_CHANGE": "+5.33",
    "NET_CHANGE_FULL": "5.33",
    "NET_CHANGE_EXT_HOURS": "0.00",
    "NET_CHANGE_ARROW": "1",
    "NET_CHANGE_ARROW_EXT_HOURS": "0",
    "VOLUME": "3.2 M",
    "VOLUME_FULL": "3228951",
    "OPEN_VALUE": "325.46",
    "CLOSE_VALUE": "",
    "LOW_VALUE": "324.73",
    "HIGH_VALUE": "332.35",
    "PRICE_PRECISION": "2",
    "UNITS": "",
    "EXPIRY_DATE": "",
    "EXPIRY_MONTH": "",
    "EXPIRY_YEAR": "",
    "EXPIRY_MMMYY": "",
    "CLOSE_YIELD": "",
    "YIELD": "",
    "YIELD_TO_MATURITY": "",
    "TURNOVER": "",
    "TURNOVER_FULL": "",
    "MATURITY_DATE": "",
    "TERM_YEARS": "",
    "COUPON": "",
    "NBR_COUPONS_PER_YEAR": "",
    "PREVIOUS_CLOSE": "324.57",
    "BID": "329.01",
    "ASK": "330.39",
    "PE_RATIO": "18.950",
    "INDUSTRY": "",
    "IPO_PRICE": "",
    "IPO_DATE": "",
    "DATA_PROVIDER_NAME": "YAHOO",
    "52WK_HIGH": "333.70",
    "52WK_HIGH_DATE": "",
    "52WK_LOW": "187.72",
    "52WK_LOW_DATE": "",
    "1YR_NET_CHANGE": "",
    "1YR_PERCENTAGE_CHANGE": "",
    "YTD_NET_CHANGE": "",
    "YTD_PERCENT_CHANGE": "",
    "MARKET_STATUS": "CLOSED",
    "MARKET_CAP": "313515835392",
    "MARKET_CAP_DISPLAY": "313.5B",
    "NBR_TRADES": "",
    "OPEN_INTEREST": "",
    "TIMESTAMP_LOCAL": "10/16/2020 5:09:48 PM",
    "TIMESTAMP_UTC": "10/16/2020 9:09:48 PM",
    "DIVIDEND": "1.08",
    "VOLUME_AVG": "2842600",
    "EARNINGS_PER_SHARE": "17.409",
    "OUTSTANDING_SHARES": "950336000",
    "BETA_RATIO": "",
    "1YR_TARGET_ESTIMATE": "",
    "NEXT_EARNING_DATE": "1/13/2021 9:30:00 AM",
    "CUSTOM_DATA": "",
    "FETCHED_TIMESTAMP_UTC": "2020-10-17T18:40:50",
    "FROM_COUNTRY_CODE": "",
    "COUNTRY_CODE": "",
    "CURRENCY_CODE": "",
    "CURRENCY_SYMBOL": "",
    "MARKET_VOLUME": " ",
    "MARKET_TURNOVER": " ",
    "MARKET_VOLUME_CODE": "",
    "MARKET_TURNOVER_CODE": ""
  }
],
"ChartData": {
"LABEL": "Dow Jones Index",
"SYMBOL": "^DJI",
"PERIOD_TEXT": "Previous Business Day",
"NET_CHANGE_PERIOD": "+94.91",
"PER_CHANGE_PERIOD": "+0.33",
"NET_CHANGE_PERIOD_ARROW": "1",
"CURRENT_CLOSE_VALUE": "28608.91",
"CURRENT_CLOSE_VALUE_NORM": "608",
"PREVIOUSDAY_CLOSE": "28,514.00",
"PREVIOUSDAY_CLOSE_NORM": "514",
"REGULAR_MARKET_CLOSE": "",
"REGULAR_MARKET_CLOSE_NORM": "",
"TRADE_PRICE_POST_MARKET": "",
"NET_CHANGE_POST_MARKET": "",
"PERCENT_CHANGE_POST_MARKET": "",
"MINIMUM_CLOSE_VALUE": "28182.73",
"MAXIMUM_CLOSE_VALUE": "28834.94",
"MINIMUM_VALUE": "28182.73",
"MAXIMUM_VALUE": "28834.94",
"X_AXIS_LABEL": "10 am;11 am;12 pm;1 pm;2 pm;3 pm",
"X_AXIS_LABEL_POS": "77.12082;231.36247;385.60411;539.84576;694.0874;848.32905",
"X_AXIS_LABELS_TIMESTAMPS": "2020-10-15;2020-10-15;2020-10-15;2020-10-15;2020-10-15;2020-10-15",
"X_AXIS_PRE_MKT_POS": "",
"X_AXIS_REGULAR_MKT_POS": "",
"X_AXIS_AFTER_MKT_POS": "",
"Y_AXIS_LABELS_CLOSE": "28,000;28,250;28,500;28,750;29,000",
"Y_AXIS_LABELS_CLOSE_RAW": "28000;28250;28500;28750;29000",
"Y_AXIS_LABELS_VOLUME": "0;6M",
"TIMESTAMPS": "2020-10-15 09:30;2020-10-15 09:31;2020-10-15 09:32;2020-10-15 09:33;2020-10-15 09:34;2020-10-15 09:35;2020-10-15 09:36;2020-10-15 09:37;2020-10-15 09:38;2020-10-15 09:39;2020-10-15 09:40;2020-10-15 09:41;2020-10-15 09:42;2020-10-15 09:43;2020-10-15 09:44;2020-10-15 09:45;2020-10-15 09:46;2020-10-15 09:47;2020-10-15 09:48;2020-10-15 09:49;2020-10-15 09:50;2020-10-15 09:51;2020-10-15 09:52;2020-10-15 09:53;2020-10-15 09:54;2020-10-15 09:55;2020-10-15 09:56;2020-10-15 09:57;2020-10-15 09:58;2020-10-15 09:59;2020-10-15 10:00;2020-10-15 10:01;2020-10-15 10:02;2020-10-15 10:03;2020-10-15 10:04;2020-10-15 10:05;2020-10-15 10:06;2020-10-15 10:07;2020-10-15 10:08;2020-10-15 10:09;2020-10-15 10:10;2020-10-15 10:11;2020-10-15 10:12;2020-10-15 10:13;2020-10-15 10:14;2020-10-15 10:15;2020-10-15 10:16;2020-10-15 10:17;2020-10-15 10:18;2020-10-15 10:19;2020-10-15 10:20;2020-10-15 10:21;2020-10-15 10:22;2020-10-15 10:23;2020-10-15 10:24;2020-10-15 10:25;2020-10-15 10:26;2020-10-15 10:27;2020-10-15 10:28;2020-10-15 10:29;2020-10-15 10:30;2020-10-15 10:31;2020-10-15 10:32;2020-10-15 10:33;2020-10-15 10:34;2020-10-15 10:35;2020-10-15 10:36;2020-10-15 10:37;2020-10-15 10:38;2020-10-15 10:39;2020-10-15 10:40;2020-10-15 10:41;2020-10-15 10:42;2020-10-15 10:43;2020-10-15 10:44;2020-10-15 10:45;2020-10-15 10:46;2020-10-15 10:47;2020-10-15 10:48;2020-10-15 10:49;2020-10-15 10:50;2020-10-15 10:51;2020-10-15 10:52;2020-10-15 10:53;2020-10-15 10:54;2020-10-15 10:55;2020-10-15 10:56;2020-10-15 10:57;2020-10-15 10:58;2020-10-15 10:59;2020-10-15 11:00;2020-10-15 11:01;2020-10-15 11:02;2020-10-15 11:03;2020-10-15 11:04;2020-10-15 11:05;2020-10-15 11:06;2020-10-15 11:07;2020-10-15 11:08;2020-10-15 11:09;2020-10-15 11:10;2020-10-15 11:11;2020-10-15 11:12;2020-10-15 11:13;2020-10-15 11:14;2020-10-15 11:15;2020-10-15 11:16;2020-10-15 11:17;2020-10-15 11:18;2020-10-15 11:19;2020-10-15 11:20;2020-10-15 11:21;2020-10-15 11:22;2020-10-15 11:23;2020-10-15 11:24;2020-10-15 11:25;2020-10-15 11:26;2020-10-15 11:27;2020-10-15 11:28;2020-10-15 11:29;2020-10-15 11:30;2020-10-15 11:31;2020-10-15 11:32;2020-10-15 11:33;2020-10-15 11:34;2020-10-15 11:35;2020-10-15 11:36;2020-10-15 11:37;2020-10-15 11:38;2020-10-15 11:39;2020-10-15 11:40;2020-10-15 11:41;2020-10-15 11:42;2020-10-15 11:43;2020-10-15 11:44;2020-10-15 11:45;2020-10-15 11:46;2020-10-15 11:47;2020-10-15 11:48;2020-10-15 11:49;2020-10-15 11:50;2020-10-15 11:51;2020-10-15 11:52;2020-10-15 11:53;2020-10-15 11:54;2020-10-15 11:55;2020-10-15 11:56;2020-10-15 11:57;2020-10-15 11:58;2020-10-15 11:59;2020-10-15 12:00;2020-10-15 12:01;2020-10-15 12:02;2020-10-15 12:03;2020-10-15 12:04;2020-10-15 12:05;2020-10-15 12:06;2020-10-15 12:07;2020-10-15 12:08;2020-10-15 12:09;2020-10-15 12:10;2020-10-15 12:11;2020-10-15 12:12;2020-10-15 12:13;2020-10-15 12:14;2020-10-15 12:15;2020-10-15 12:16;2020-10-15 12:17;2020-10-15 12:18;2020-10-15 12:19;2020-10-15 12:20;2020-10-15 12:21;2020-10-15 12:22;2020-10-15 12:23;2020-10-15 12:24;2020-10-15 12:25;2020-10-15 12:26;2020-10-15 12:27;2020-10-15 12:28;2020-10-15 12:29;2020-10-15 12:30;2020-10-15 12:31;2020-10-15 12:32;2020-10-15 12:33;2020-10-15 12:34;2020-10-15 12:35;2020-10-15 12:36;2020-10-15 12:37;2020-10-15 12:38;2020-10-15 12:39;2020-10-15 12:40;2020-10-15 12:41;2020-10-15 12:42;2020-10-15 12:43;2020-10-15 12:44;2020-10-15 12:45;2020-10-15 12:46;2020-10-15 12:47;2020-10-15 12:48;2020-10-15 12:49;2020-10-15 12:50;2020-10-15 12:51;2020-10-15 12:52;2020-10-15 12:53;2020-10-15 12:54;2020-10-15 12:55;2020-10-15 12:56;2020-10-15 12:57;2020-10-15 12:58;2020-10-15 12:59;2020-10-15 13:00;2020-10-15 13:01;2020-10-15 13:02;2020-10-15 13:03;2020-10-15 13:04;2020-10-15 13:05;2020-10-15 13:06;2020-10-15 13:07;2020-10-15 13:08;2020-10-15 13:09;2020-10-15 13:10;2020-10-15 13:11;2020-10-15 13:12;2020-10-15 13:13;2020-10-15 13:14;2020-10-15 13:15;2020-10-15 13:16;2020-10-15 13:17;2020-10-15 13:18;2020-10-15 13:19;2020-10-15 13:20;2020-10-15 13:21;2020-10-15 13:22;2020-10-15 13:23;2020-10-15 13:24;2020-10-15 13:25;2020-10-15 13:26;2020-10-15 13:27;2020-10-15 13:28;2020-10-15 13:29;2020-10-15 13:30;2020-10-15 13:31;2020-10-15 13:32;2020-10-15 13:33;2020-10-15 13:34;2020-10-15 13:35;2020-10-15 13:36;2020-10-15 13:37;2020-10-15 13:38;2020-10-15 13:39;2020-10-15 13:40;2020-10-15 13:41;2020-10-15 13:42;2020-10-15 13:43;2020-10-15 13:44;2020-10-15 13:45;2020-10-15 13:46;2020-10-15 13:47;2020-10-15 13:48;2020-10-15 13:49;2020-10-15 13:50;2020-10-15 13:51;2020-10-15 13:52;2020-10-15 13:53;2020-10-15 13:54;2020-10-15 13:55;2020-10-15 13:56;2020-10-15 13:57;2020-10-15 13:58;2020-10-15 13:59;2020-10-15 14:00;2020-10-15 14:01;2020-10-15 14:02;2020-10-15 14:03;2020-10-15 14:04;2020-10-15 14:05;2020-10-15 14:06;2020-10-15 14:07;2020-10-15 14:08;2020-10-15 14:09;2020-10-15 14:10;2020-10-15 14:11;2020-10-15 14:12;2020-10-15 14:13;2020-10-15 14:14;2020-10-15 14:15;2020-10-15 14:16;2020-10-15 14:17;2020-10-15 14:18;2020-10-15 14:19;2020-10-15 14:20;2020-10-15 14:21;2020-10-15 14:22;2020-10-15 14:23;2020-10-15 14:24;2020-10-15 14:25;2020-10-15 14:26;2020-10-15 14:27;2020-10-15 14:28;2020-10-15 14:29;2020-10-15 14:30;2020-10-15 14:31;2020-10-15 14:32;2020-10-15 14:33;2020-10-15 14:34;2020-10-15 14:35;2020-10-15 14:36;2020-10-15 14:37;2020-10-15 14:38;2020-10-15 14:39;2020-10-15 14:40;2020-10-15 14:41;2020-10-15 14:42;2020-10-15 14:43;2020-10-15 14:44;2020-10-15 14:45;2020-10-15 14:46;2020-10-15 14:47;2020-10-15 14:48;2020-10-15 14:49;2020-10-15 14:50;2020-10-15 14:51;2020-10-15 14:52;2020-10-15 14:53;2020-10-15 14:54;2020-10-15 14:55;2020-10-15 14:56;2020-10-15 14:57;2020-10-15 14:58;2020-10-15 14:59;2020-10-15 15:00;2020-10-15 15:01;2020-10-15 15:02;2020-10-15 15:03;2020-10-15 15:04;2020-10-15 15:05;2020-10-15 15:06;2020-10-15 15:07;2020-10-15 15:08;2020-10-15 15:09;2020-10-15 15:10;2020-10-15 15:11;2020-10-15 15:12;2020-10-15 15:13;2020-10-15 15:14;2020-10-15 15:15;2020-10-15 15:16;2020-10-15 15:17;2020-10-15 15:18;2020-10-15 15:19;2020-10-15 15:20;2020-10-15 15:21;2020-10-15 15:22;2020-10-15 15:23;2020-10-15 15:24;2020-10-15 15:25;2020-10-15 15:26;2020-10-15 15:27;2020-10-15 15:28;2020-10-15 15:29;2020-10-15 15:30;2020-10-15 15:31;2020-10-15 15:32;2020-10-15 15:33;2020-10-15 15:34;2020-10-15 15:35;2020-10-15 15:36;2020-10-15 15:37;2020-10-15 15:38;2020-10-15 15:39;2020-10-15 15:40;2020-10-15 15:41;2020-10-15 15:42;2020-10-15 15:43;2020-10-15 15:44;2020-10-15 15:45;2020-10-15 15:46;2020-10-15 15:47;2020-10-15 15:48;2020-10-15 15:49;2020-10-15 15:50;2020-10-15 15:51;2020-10-15 15:52;2020-10-15 15:53;2020-10-15 15:54;2020-10-15 15:55;2020-10-15 15:56;2020-10-15 15:57;2020-10-15 15:58;2020-10-15 15:59",
"CLOSE_VALUES": "28182.73;28198.99;28227.19;28239.37;28251.08;28270.25;28248.66;28228.42;28218.46;28212.47;28229.97;28233.16;28235.81;28241.87;28259.74;28276.17;28267.79;28271.82;28267.81;28273.67;28261.63;28299.3;28302.65;28318.75;28314.19;28334.08;28322.39;28316.03;28315.42;28340.25;28325.58;28330.53;28339.42;28332.54;28339.98;28333.39;28315.42;28303.46;28320.39;28298.71;28291.13;28292.61;28286.01;28303.19;28286.26;28287.14;28319.32;28324.06;28322.03;28302.75;28296.64;28294.14;28281.37;28291.55;28298.37;28291.54;28290.52;28280.48;28294.07;28288.21;28288.04;28292.21;28271.68;28246.44;28248.85;28244.76;28236.37;28232.43;28252.09;28258.84;28269.02;28261.99;28261.11;28237.78;28250.28;28250.23;28260.44;28264.81;28272.66;28262.53;28273.15;28273.91;28282.29;28261.25;28252.73;28252.93;28270.4;28280.79;28292.47;28291.52;28289.01;28290.3;28273.95;28264.59;28279.67;28290.79;28302.55;28332.25;28359.7;28364.28;28369.54;28360.95;28363.9;28355.5;28360.73;28378.39;28367.78;28367.46;28406;28405.53;28391.76;28391.61;28404.83;28403.58;28395.53;28390.33;28386.13;28380.58;28367.65;28357.05;28359.64;28353.41;28357.18;28376.52;28361.39;28363.26;28359.81;28352.34;28358.96;28372.21;28391.33;28385.14;28381.64;28376.67;28373.15;28392.37;28386.48;28383.77;28380.03;28381.05;28411.19;28395.56;28429.83;28432.47;28433.09;28430.97;28396.92;28398.73;28377.2;28372.22;28384.18;28371.81;28363.52;28377.97;28374.86;28394.19;28386.59;28380.39;28370.25;28373.15;28368.58;28372.15;28373.85;28371.67;28377.72;28384.22;28376.58;28384.83;28376.72;28370.85;28366.41;28367.76;28365.1;28376.22;28378.71;28392.94;28388.56;28377.81;28377.79;28380.4;28386.35;28381.44;28373.65;28367.96;28367.49;28374.17;28368.61;28379.93;28393.62;28383.76;28388.7;28382.76;28389.52;28385.51;28369.98;28351.81;28372.97;28392.25;28389.08;28385.3;28382.45;28384.95;28418.07;28408.5;28410.01;28416.01;28419.18;28407.25;28417.77;28423.89;28422.55;28418.15;28421.29;28412.85;28410.53;28420.33;28408.41;28407.84;28406.94;28414.58;28421.93;28432.96;28447.98;28441.91;28441.72;28448.17;28450.76;28440.13;28442.57;28449.24;28446.47;28444.59;28446.03;28445.02;28438.54;28444.93;28453.66;28456.31;28452.04;28449.62;28447.95;28450.54;28449.44;28448.82;28451.99;28462.3;28459.27;28462.28;28454.57;28457.8;28464.98;28474.04;28462.81;28456.2;28490.73;28487.09;28471.8;28465.99;28468.69;28464.92;28468.06;28460.24;28454.76;28459.85;28455.93;28457.7;28459.8;28455.05;28455.51;28458.46;28475.97;28469.42;28478.36;28470.27;28475.6;28480.15;28482.38;28494.51;28495.81;28491.12;28485.24;28478.27;28482.36;28472.37;28478.48;28483.2;28486.69;28486.65;28490.23;28482.23;28479.72;28482.46;28479.4;28477.62;28466.95;28474.37;28471.28;28476.83;28474.2;28482.68;28483.02;28489;28483.54;28479.46;28481.77;28466.61;28462.66;28459.66;28461.23;28458.97;28459.57;28464.09;28456.94;28455.33;28445.93;28451.15;28445.65;28452.05;28447.67;28451.19;28457.15;28456.29;28470.52;28461.15;28461.96;28467.25;28472.15;28472.92;28478.82;28484.09;28488.98;28493.9;28500.93;28501.19;28495.07;28491.74;28496.48;28497.85;28494.43;28494.38;28487.69;28484.81;28484.68;28470.1;28475.42;28484.15;28485.05;28491.79;28488.8;28502.8;28499;28502.04;28504.13;28500.1;28498.48;28512.35;28524.09;28518.88;28521.57;28520.51;28512.99;28523.18;28533.74;28528.85;28515.88;28505.31;28507.84;28510.29;28501.47;28506.96;28514.47;28528.09;28532.13;28533.75;28519.25;28510.55;28504.42;28481.73;28473.65;28466.23;28488.65;28490.42;28484.9;28486.35;28485.49;28483.51;28478.38;28471.4;28476.36;28494.13",
"CLOSE_VALUES_NORMALIZED": "182;198;227;239;251;270;248;228;218;212;229;233;235;241;259;276;267;271;267;273;261;299;302;318;314;334;322;316;315;340;325;330;339;332;339;333;315;303;320;298;291;292;286;303;286;287;319;324;322;302;296;294;281;291;298;291;290;280;294;288;288;292;271;246;248;244;236;232;252;258;269;261;261;237;250;250;260;264;272;262;273;273;282;261;252;252;270;280;292;291;289;290;273;264;279;290;302;332;359;364;369;360;363;355;360;378;367;367;406;405;391;391;404;403;395;390;386;380;367;357;359;353;357;376;361;363;359;352;358;372;391;385;381;376;373;392;386;383;380;381;411;395;429;432;433;430;396;398;377;372;384;371;363;377;374;394;386;380;370;373;368;372;373;371;377;384;376;384;376;370;366;367;365;376;378;392;388;377;377;380;386;381;373;367;367;374;368;379;393;383;388;382;389;385;369;351;372;392;389;385;382;384;418;408;410;416;419;407;417;423;422;418;421;412;410;420;408;407;406;414;421;432;447;441;441;448;450;440;442;449;446;444;446;445;438;444;453;456;452;449;447;450;449;448;451;462;459;462;454;457;464;474;462;456;490;487;471;465;468;464;468;460;454;459;455;457;459;455;455;458;475;469;478;470;475;480;482;494;495;491;485;478;482;472;478;483;486;486;490;482;479;482;479;477;466;474;471;476;474;482;483;489;483;479;481;466;462;459;461;458;459;464;456;455;445;451;445;452;447;451;457;456;470;461;461;467;472;472;478;484;488;493;500;501;495;491;496;497;494;494;487;484;484;470;475;484;485;491;488;502;499;502;504;500;498;512;524;518;521;520;512;523;533;528;515;505;507;510;501;506;514;528;532;533;519;510;504;481;473;466;488;490;484;486;485;483;478;471;476;494",
"VOLUME_VALUES": "0;2029537;1657898;1801894;1705752;1642382;1961701;1679468;1474165;1644474;1302577;1404483;1394871;1480528;1245648;1240169;1291878;1114954;952771;1075049;1122483;1318101;1216699;1055563;1039008;994195;937546;986686;855138;869140;1303596;1323751;957729;927551;1121409;935995;1021092;1506691;1370939;1294300;1088729;1027057;862157;1028547;1041640;940876;1100309;1175002;841798;815738;688381;696821;671765;790301;839098;706154;906871;857455;734099;655555;778647;691635;1006485;705581;671600;848374;819447;822968;1369952;691501;833854;869320;718736;1301266;907507;929016;878274;1006387;798925;624569;734920;741265;650145;641890;536617;748551;950497;750888;958524;660713;642437;915445;878366;946689;505419;531875;646327;676921;1045037;737482;717378;568503;668482;635552;628681;932645;548783;509740;1238978;633032;618123;604433;623297;484240;484188;710060;581227;546184;691964;635419;568686;479336;526583;665324;489305;481981;510142;570543;502602;484946;627478;641500;417208;513087;812423;728096;526132;459237;438716;802615;572515;1453821;1110777;578960;484480;654695;819226;571488;512909;533126;1841405;552759;481812;500288;630961;858414;547667;436466;1043995;501385;623085;675892;634335;381532;468617;502612;427749;498078;485764;386946;463838;438229;533142;695046;672966;570570;579645;994046;466370;383212;445060;433335;410770;375434;398473;305306;409195;474291;501838;350790;447143;322856;347860;342673;512530;803032;457831;652316;410730;324025;420806;472370;1051402;433559;302510;460282;401951;307143;474251;365355;907965;352424;429552;344009;314156;459727;307914;260372;295174;351378;360087;359581;690661;368253;348964;927015;535396;666173;802865;544352;619899;368793;412473;469632;516825;452415;312235;691614;570061;284861;339223;448945;513215;425934;530754;730205;597828;377303;383139;431557;454452;567868;499349;430440;831493;470056;412052;434496;393219;414992;406171;516335;319402;454387;444285;429093;353266;301879;389963;291592;541310;387294;541611;409439;533941;0;302491;528311;502014;380763;628410;545231;518600;394346;566877;435956;409301;433929;489602;372805;365844;315649;399347;373238;422249;451049;426423;323348;501130;496783;416788;526186;600892;414100;550126;583083;512935;438334;478804;506736;485648;344424;336927;503573;477396;488314;403358;507752;343053;810255;637119;534743;633296;373182;363561;440156;521862;574432;417012;560707;653786;525006;654216;471322;574086;444743;748405;804905;659868;568323;735722;504580;476807;797619;710455;788344;805711;1241986;898226;782079;611487;686713;575399;704595;526305;514725;765886;588009;728388;697607;1006015;626982;783392;708065;785725;639681;664695;732755;844635;754889;1360481;1203929;722545;645227;914008;898502;836322;991131;988607;895143;2261279;1202389;1039397;1168621;1835467;2280357;1967089;2369864;2918136;5624752",
"VOLUME_VALUES_NORMALIZED": "0;346;282;307;291;280;334;286;251;280;222;239;237;252;212;211;220;190;162;183;191;224;207;180;177;169;159;168;145;148;222;225;163;158;191;159;174;257;233;220;185;175;147;175;177;160;187;200;143;139;117;118;114;134;143;120;154;146;125;111;132;117;171;120;114;144;139;140;233;117;142;148;122;221;154;158;149;171;136;106;125;126;110;109;91;127;162;128;163;112;109;156;149;161;86;90;110;115;178;125;122;96;114;108;107;159;93;86;211;107;105;103;106;82;82;121;99;93;118;108;97;81;89;113;83;82;87;97;85;82;107;109;71;87;138;124;89;78;74;136;97;248;189;98;82;111;139;97;87;90;314;94;82;85;107;146;93;74;178;85;106;115;108;65;79;85;72;84;82;66;79;74;90;118;114;97;98;169;79;65;75;73;70;64;67;52;69;80;85;59;76;55;59;58;87;136;78;111;70;55;71;80;179;73;51;78;68;52;80;62;154;60;73;58;53;78;52;44;50;59;61;61;117;62;59;158;91;113;136;92;105;62;70;80;88;77;53;117;97;48;57;76;87;72;90;124;101;64;65;73;77;96;85;73;141;80;70;74;67;70;69;88;54;77;75;73;60;51;66;49;92;66;92;69;91;0;51;90;85;64;107;93;88;67;96;74;69;74;83;63;62;53;68;63;72;76;72;55;85;84;71;89;102;70;93;99;87;74;81;86;82;58;57;85;81;83;68;86;58;138;108;91;108;63;62;75;89;97;71;95;111;89;111;80;97;75;127;137;112;96;125;86;81;136;121;134;137;211;153;133;104;117;98;120;89;87;130;100;124;119;171;106;133;120;134;109;113;125;144;128;232;205;123;110;155;153;142;169;168;152;385;205;177;199;313;389;335;404;497;959",
"INDICATORS": null,
"PRICE_PRECISION": 2,
"PRICEMULTIPLIER": null,
"PERIOD_TYPE": "PreviousBusinessDay",
"PERIOD_AMOUNT": "",
"GRANULARITY": "Minute"
}
}