{
"groups": [
{
"CODE": "DAY_GAINERS_NDX",
"EXTERNAL_CODE": "DAY_GAINERS_NDX",
"DISPLAY_NAME": "Nasdaq Leaders",
"INTERNAL_SYMBOL": "ZM,ADSK,REGN,BMRN,ALXN",
"INTERNAL_SYMBOL_UPPERCASE": "ZM,ADSK,REGN,BMRN,ALXN",
"CATEGORY": "",
"MARKET_CODE": "",
"MARKET_NAME": "",
"SORT_TYPE": "Manual",
"COUNT": 5
}
],
"securities": [
  {
    "INTERNAL_SYMBOL": "ZM",
    "INTERNAL_SYMBOL_UPPERCASE": "ZM",
    "SYMBOL": "ZM",
    "DATA_PROVIDER_SECURITY_SYMBOL": "ZM",
    "GROUP_CODE": "",
    "SECURITY_TYPE": "Stock",
    "DISPLAY_NAME": "Zoom Video Communications",
    "SHORT_NAME": "Zoom Video",
    "ALTERNATE_NAME": "",
    "NAME": "Zoom Video Communications",
    "MARKET_CODE": "NAS",
    "TRADE_DATE": "10/16/2020 12:00:00 AM",
    "TRADE_TIME": "16:00:01",
    "TRADE_PRICE": "559.00",
    "TRADE_PRICE_FULL": "559",
    "TRADE_PRICE_EXT_HOURS": "564.00",
    "TRADE_PRICE_FULL_EXT_HOURS": "564",
    "TRADE_DATE_EXT_HOURS": "10/16/2020 12:00:00 AM",
    "TRADE_TIME_EXT_HOURS": "19:58:19",
    "PERCENT_CHANGE": "+4.21",
    "PERCENT_CHANGE_FULL": "4.21",
    "PERCENT_CHANGE_EXT_HOURS": "+0.89",
    "CHANGE_COLOR": "16DA3A",
    "NET_CHANGE": "+22.60",
    "NET_CHANGE_FULL": "22.6",
    "NET_CHANGE_EXT_HOURS": "+5.00",
    "NET_CHANGE_ARROW": "1",
    "NET_CHANGE_ARROW_EXT_HOURS": "1",
    "VOLUME": "13.5 M",
    "VOLUME_FULL": "13460316",
    "OPEN_VALUE": "544.00",
    "CLOSE_VALUE": "",
    "LOW_VALUE": "543.25",
    "HIGH_VALUE": "565.45",
    "PRICE_PRECISION": "2",
    "UNITS": "",
    "EXPIRY_DATE": "",
    "EXPIRY_MONTH": "",
    "EXPIRY_YEAR": "",
    "EXPIRY_MMMYY": "",
    "CLOSE_YIELD": "",
    "YIELD": "",
    "YIELD_TO_MATURITY": "",
    "TURNOVER": "",
    "TURNOVER_FULL": "",
    "MATURITY_DATE": "",
    "TERM_YEARS": "",
    "COUPON": "",
    "NBR_COUPONS_PER_YEAR": "",
    "PREVIOUS_CLOSE": "536.40",
    "BID": "563.00",
    "ASK": "564.00",
    "PE_RATIO": "713.921",
    "INDUSTRY": "",
    "IPO_PRICE": "",
    "IPO_DATE": "",
    "DATA_PROVIDER_NAME": "YAHOO",
    "52WK_HIGH": "565.45",
    "52WK_HIGH_DATE": "",
    "52WK_LOW": "60.97",
    "52WK_LOW_DATE": "",
    "1YR_NET_CHANGE": "",
    "1YR_PERCENTAGE_CHANGE": "",
    "YTD_NET_CHANGE": "",
    "YTD_PERCENT_CHANGE": "",
    "MARKET_STATUS": "CLOSED",
    "MARKET_CAP": "158991335424",
    "MARKET_CAP_DISPLAY": "158.9B",
    "NBR_TRADES": "",
    "OPEN_INTEREST": "",
    "TIMESTAMP_LOCAL": "10/16/2020 7:58:19 PM",
    "TIMESTAMP_UTC": "10/16/2020 11:58:19 PM",
    "DIVIDEND": "",
    "VOLUME_AVG": "8980287",
    "EARNINGS_PER_SHARE": "0.783",
    "OUTSTANDING_SHARES": "194756992",
    "BETA_RATIO": "",
    "1YR_TARGET_ESTIMATE": "",
    "NEXT_EARNING_DATE": "12/4/2020 5:00:00 PM",
    "CUSTOM_DATA": "",
    "FETCHED_TIMESTAMP_UTC": "2020-10-17T18:34:28",
    "FROM_COUNTRY_CODE": "",
    "COUNTRY_CODE": "",
    "CURRENCY_CODE": "",
    "CURRENCY_SYMBOL": "",
    "MARKET_VOLUME": " ",
    "MARKET_TURNOVER": " ",
    "MARKET_VOLUME_CODE": "",
    "MARKET_TURNOVER_CODE": ""
  },
  {
    "INTERNAL_SYMBOL": "ADSK",
    "INTERNAL_SYMBOL_UPPERCASE": "ADSK",
    "SYMBOL": "ADSK",
    "DATA_PROVIDER_SECURITY_SYMBOL": "ADSK",
    "GROUP_CODE": "",
    "SECURITY_TYPE": "Stock",
    "DISPLAY_NAME": "Autodesk",
    "SHORT_NAME": "Autodesk",
    "ALTERNATE_NAME": "",
    "NAME": "Autodesk",
    "MARKET_CODE": "NMS",
    "TRADE_DATE": "10/16/2020 12:00:00 AM",
    "TRADE_TIME": "16:00:02",
    "TRADE_PRICE": "259.97",
    "TRADE_PRICE_FULL": "259.97",
    "TRADE_PRICE_EXT_HOURS": "259.97",
    "TRADE_PRICE_FULL_EXT_HOURS": "259.97",
    "TRADE_DATE_EXT_HOURS": "10/16/2020 12:00:00 AM",
    "TRADE_TIME_EXT_HOURS": "16:58:06",
    "PERCENT_CHANGE": "+3.15",
    "PERCENT_CHANGE_FULL": "3.15",
    "PERCENT_CHANGE_EXT_HOURS": "0.00",
    "CHANGE_COLOR": "16DA3A",
    "NET_CHANGE": "+7.94",
    "NET_CHANGE_FULL": "7.94",
    "NET_CHANGE_EXT_HOURS": "0.00",
    "NET_CHANGE_ARROW": "1",
    "NET_CHANGE_ARROW_EXT_HOURS": "0",
    "VOLUME": "2.3 M",
    "VOLUME_FULL": "2289563",
    "OPEN_VALUE": "253.21",
    "CLOSE_VALUE": "",
    "LOW_VALUE": "253.60",
    "HIGH_VALUE": "261.45",
    "PRICE_PRECISION": "2",
    "UNITS": "",
    "EXPIRY_DATE": "",
    "EXPIRY_MONTH": "",
    "EXPIRY_YEAR": "",
    "EXPIRY_MMMYY": "",
    "CLOSE_YIELD": "",
    "YIELD": "",
    "YIELD_TO_MATURITY": "",
    "TURNOVER": "",
    "TURNOVER_FULL": "",
    "MATURITY_DATE": "",
    "TERM_YEARS": "",
    "COUPON": "",
    "NBR_COUPONS_PER_YEAR": "",
    "PREVIOUS_CLOSE": "252.03",
    "BID": "259.60",
    "ASK": "261.00",
    "PE_RATIO": "159.589",
    "INDUSTRY": "",
    "IPO_PRICE": "",
    "IPO_DATE": "",
    "DATA_PROVIDER_NAME": "YAHOO",
    "52WK_HIGH": "261.94",
    "52WK_HIGH_DATE": "",
    "52WK_LOW": "125.38",
    "52WK_LOW_DATE": "",
    "1YR_NET_CHANGE": "",
    "1YR_PERCENTAGE_CHANGE": "",
    "YTD_NET_CHANGE": "",
    "YTD_PERCENT_CHANGE": "",
    "MARKET_STATUS": "CLOSED",
    "MARKET_CAP": "57005965312",
    "MARKET_CAP_DISPLAY": "57.00B",
    "NBR_TRADES": "",
    "OPEN_INTEREST": "",
    "TIMESTAMP_LOCAL": "10/16/2020 4:58:06 PM",
    "TIMESTAMP_UTC": "10/16/2020 8:58:06 PM",
    "DIVIDEND": "",
    "VOLUME_AVG": "1739662",
    "EARNINGS_PER_SHARE": "1.629",
    "OUTSTANDING_SHARES": "219279008",
    "BETA_RATIO": "",
    "1YR_TARGET_ESTIMATE": "",
    "NEXT_EARNING_DATE": "11/24/2020 6:59:00 AM",
    "CUSTOM_DATA": "",
    "FETCHED_TIMESTAMP_UTC": "2020-10-17T18:34:28",
    "FROM_COUNTRY_CODE": "",
    "COUNTRY_CODE": "",
    "CURRENCY_CODE": "",
    "CURRENCY_SYMBOL": "",
    "MARKET_VOLUME": " ",
    "MARKET_TURNOVER": " ",
    "MARKET_VOLUME_CODE": "",
    "MARKET_TURNOVER_CODE": ""
  },
  {
    "INTERNAL_SYMBOL": "REGN",
    "INTERNAL_SYMBOL_UPPERCASE": "REGN",
    "SYMBOL": "REGN",
    "DATA_PROVIDER_SECURITY_SYMBOL": "REGN",
    "GROUP_CODE": "",
    "SECURITY_TYPE": "Stock",
    "DISPLAY_NAME": "Regeneron Pharmaceuticals",
    "SHORT_NAME": "Regeneron",
    "ALTERNATE_NAME": "",
    "NAME": "Regeneron Pharmaceuticals",
    "MARKET_CODE": "NMS",
    "TRADE_DATE": "10/16/2020 12:00:00 AM",
    "TRADE_TIME": "16:00:02",
    "TRADE_PRICE": "599.74",
    "TRADE_PRICE_FULL": "599.74",
    "TRADE_PRICE_EXT_HOURS": "599.36",
    "TRADE_PRICE_FULL_EXT_HOURS": "599.36",
    "TRADE_DATE_EXT_HOURS": "10/16/2020 12:00:00 AM",
    "TRADE_TIME_EXT_HOURS": "18:06:01",
    "PERCENT_CHANGE": "+2.49",
    "PERCENT_CHANGE_FULL": "2.49",
    "PERCENT_CHANGE_EXT_HOURS": "-0.06",
    "CHANGE_COLOR": "16DA3A",
    "NET_CHANGE": "+14.56",
    "NET_CHANGE_FULL": "14.56",
    "NET_CHANGE_EXT_HOURS": "-0.38",
    "NET_CHANGE_ARROW": "1",
    "NET_CHANGE_ARROW_EXT_HOURS": "-1",
    "VOLUME": "1.2 M",
    "VOLUME_FULL": "1169004",
    "OPEN_VALUE": "590.00",
    "CLOSE_VALUE": "",
    "LOW_VALUE": "585.67",
    "HIGH_VALUE": "605.43",
    "PRICE_PRECISION": "2",
    "UNITS": "",
    "EXPIRY_DATE": "",
    "EXPIRY_MONTH": "",
    "EXPIRY_YEAR": "",
    "EXPIRY_MMMYY": "",
    "CLOSE_YIELD": "",
    "YIELD": "",
    "YIELD_TO_MATURITY": "",
    "TURNOVER": "",
    "TURNOVER_FULL": "",
    "MATURITY_DATE": "",
    "TERM_YEARS": "",
    "COUPON": "",
    "NBR_COUPONS_PER_YEAR": "",
    "PREVIOUS_CLOSE": "585.18",
    "BID": "598.30",
    "ASK": "600.39",
    "PE_RATIO": "23.221",
    "INDUSTRY": "",
    "IPO_PRICE": "",
    "IPO_DATE": "",
    "DATA_PROVIDER_NAME": "YAHOO",
    "52WK_HIGH": "664.64",
    "52WK_HIGH_DATE": "",
    "52WK_LOW": "294.86",
    "52WK_LOW_DATE": "",
    "1YR_NET_CHANGE": "",
    "1YR_PERCENTAGE_CHANGE": "",
    "YTD_NET_CHANGE": "",
    "YTD_PERCENT_CHANGE": "",
    "MARKET_STATUS": "CLOSED",
    "MARKET_CAP": "63807537152",
    "MARKET_CAP_DISPLAY": "63.80B",
    "NBR_TRADES": "",
    "OPEN_INTEREST": "",
    "TIMESTAMP_LOCAL": "10/16/2020 6:06:01 PM",
    "TIMESTAMP_UTC": "10/16/2020 10:06:01 PM",
    "DIVIDEND": "",
    "VOLUME_AVG": "1239987",
    "EARNINGS_PER_SHARE": "25.827",
    "OUTSTANDING_SHARES": "104543000",
    "BETA_RATIO": "",
    "1YR_TARGET_ESTIMATE": "",
    "NEXT_EARNING_DATE": "11/5/2020 9:30:00 AM",
    "CUSTOM_DATA": "",
    "FETCHED_TIMESTAMP_UTC": "2020-10-17T18:34:28",
    "FROM_COUNTRY_CODE": "",
    "COUNTRY_CODE": "",
    "CURRENCY_CODE": "",
    "CURRENCY_SYMBOL": "",
    "MARKET_VOLUME": " ",
    "MARKET_TURNOVER": " ",
    "MARKET_VOLUME_CODE": "",
    "MARKET_TURNOVER_CODE": ""
  },
  {
    "INTERNAL_SYMBOL": "BMRN",
    "INTERNAL_SYMBOL_UPPERCASE": "BMRN",
    "SYMBOL": "BMRN",
    "DATA_PROVIDER_SECURITY_SYMBOL": "BMRN",
    "GROUP_CODE": "",
    "SECURITY_TYPE": "Stock",
    "DISPLAY_NAME": "BioMarin Pharmaceutical",
    "SHORT_NAME": "BioMarin Pharma.",
    "ALTERNATE_NAME": "",
    "NAME": "BioMarin Pharmaceutical",
    "MARKET_CODE": "NMS",
    "TRADE_DATE": "10/16/2020 12:00:00 AM",
    "TRADE_TIME": "16:00:02",
    "TRADE_PRICE": "79.25",
    "TRADE_PRICE_FULL": "79.25",
    "TRADE_PRICE_EXT_HOURS": "79.25",
    "TRADE_PRICE_FULL_EXT_HOURS": "79.25",
    "TRADE_DATE_EXT_HOURS": "10/16/2020 12:00:00 AM",
    "TRADE_TIME_EXT_HOURS": "16:54:50",
    "PERCENT_CHANGE": "+2.03",
    "PERCENT_CHANGE_FULL": "2.03",
    "PERCENT_CHANGE_EXT_HOURS": "0.00",
    "CHANGE_COLOR": "16DA3A",
    "NET_CHANGE": "+1.58",
    "NET_CHANGE_FULL": "1.58",
    "NET_CHANGE_EXT_HOURS": "0.00",
    "NET_CHANGE_ARROW": "1",
    "NET_CHANGE_ARROW_EXT_HOURS": "0",
    "VOLUME": "1.7 M",
    "VOLUME_FULL": "1716831",
    "OPEN_VALUE": "77.89",
    "CLOSE_VALUE": "",
    "LOW_VALUE": "77.67",
    "HIGH_VALUE": "80.30",
    "PRICE_PRECISION": "2",
    "UNITS": "",
    "EXPIRY_DATE": "",
    "EXPIRY_MONTH": "",
    "EXPIRY_YEAR": "",
    "EXPIRY_MMMYY": "",
    "CLOSE_YIELD": "",
    "YIELD": "",
    "YIELD_TO_MATURITY": "",
    "TURNOVER": "",
    "TURNOVER_FULL": "",
    "MATURITY_DATE": "",
    "TERM_YEARS": "",
    "COUPON": "",
    "NBR_COUPONS_PER_YEAR": "",
    "PREVIOUS_CLOSE": "77.67",
    "BID": "79.37",
    "ASK": "80.30",
    "PE_RATIO": "117.234",
    "INDUSTRY": "",
    "IPO_PRICE": "",
    "IPO_DATE": "",
    "DATA_PROVIDER_NAME": "YAHOO",
    "52WK_HIGH": "131.95",
    "52WK_HIGH_DATE": "",
    "52WK_LOW": "67.10",
    "52WK_LOW_DATE": "",
    "1YR_NET_CHANGE": "",
    "1YR_PERCENTAGE_CHANGE": "",
    "YTD_NET_CHANGE": "",
    "YTD_PERCENT_CHANGE": "",
    "MARKET_STATUS": "CLOSED",
    "MARKET_CAP": "14371987456",
    "MARKET_CAP_DISPLAY": "14.37B",
    "NBR_TRADES": "",
    "OPEN_INTEREST": "",
    "TIMESTAMP_LOCAL": "10/16/2020 4:54:50 PM",
    "TIMESTAMP_UTC": "10/16/2020 8:54:50 PM",
    "DIVIDEND": "",
    "VOLUME_AVG": "1239762",
    "EARNINGS_PER_SHARE": "0.676",
    "OUTSTANDING_SHARES": "181350000",
    "BETA_RATIO": "",
    "1YR_TARGET_ESTIMATE": "",
    "NEXT_EARNING_DATE": "10/21/2020 6:59:00 AM",
    "CUSTOM_DATA": "",
    "FETCHED_TIMESTAMP_UTC": "2020-10-17T18:34:28",
    "FROM_COUNTRY_CODE": "",
    "COUNTRY_CODE": "",
    "CURRENCY_CODE": "",
    "CURRENCY_SYMBOL": "",
    "MARKET_VOLUME": " ",
    "MARKET_TURNOVER": " ",
    "MARKET_VOLUME_CODE": "",
    "MARKET_TURNOVER_CODE": ""
  },
  {
    "INTERNAL_SYMBOL": "ALXN",
    "INTERNAL_SYMBOL_UPPERCASE": "ALXN",
    "SYMBOL": "ALXN",
    "DATA_PROVIDER_SECURITY_SYMBOL": "ALXN",
    "GROUP_CODE": "",
    "SECURITY_TYPE": "Stock",
    "DISPLAY_NAME": "Alexion Pharmaceuticals",
    "SHORT_NAME": "Alexion Pharma.",
    "ALTERNATE_NAME": "",
    "NAME": "Alexion Pharmaceuticals",
    "MARKET_CODE": "NMS",
    "TRADE_DATE": "10/16/2020 12:00:00 AM",
    "TRADE_TIME": "16:00:01",
    "TRADE_PRICE": "124.13",
    "TRADE_PRICE_FULL": "124.13",
    "TRADE_PRICE_EXT_HOURS": "124.03",
    "TRADE_PRICE_FULL_EXT_HOURS": "124.03",
    "TRADE_DATE_EXT_HOURS": "10/16/2020 12:00:00 AM",
    "TRADE_TIME_EXT_HOURS": "19:16:28",
    "PERCENT_CHANGE": "+1.72",
    "PERCENT_CHANGE_FULL": "1.72",
    "PERCENT_CHANGE_EXT_HOURS": "-0.08",
    "CHANGE_COLOR": "16DA3A",
    "NET_CHANGE": "+2.10",
    "NET_CHANGE_FULL": "2.1",
    "NET_CHANGE_EXT_HOURS": "-0.10",
    "NET_CHANGE_ARROW": "1",
    "NET_CHANGE_ARROW_EXT_HOURS": "-1",
    "VOLUME": "4.3 M",
    "VOLUME_FULL": "4251190",
    "OPEN_VALUE": "120.98",
    "CLOSE_VALUE": "",
    "LOW_VALUE": "120.65",
    "HIGH_VALUE": "126.72",
    "PRICE_PRECISION": "2",
    "UNITS": "",
    "EXPIRY_DATE": "",
    "EXPIRY_MONTH": "",
    "EXPIRY_YEAR": "",
    "EXPIRY_MMMYY": "",
    "CLOSE_YIELD": "",
    "YIELD": "",
    "YIELD_TO_MATURITY": "",
    "TURNOVER": "",
    "TURNOVER_FULL": "",
    "MATURITY_DATE": "",
    "TERM_YEARS": "",
    "COUPON": "",
    "NBR_COUPONS_PER_YEAR": "",
    "PREVIOUS_CLOSE": "122.03",
    "BID": "124.10",
    "ASK": "124.50",
    "PE_RATIO": "32.597",
    "INDUSTRY": "",
    "IPO_PRICE": "",
    "IPO_DATE": "",
    "DATA_PROVIDER_NAME": "YAHOO",
    "52WK_HIGH": "128.57",
    "52WK_HIGH_DATE": "",
    "52WK_LOW": "72.67",
    "52WK_LOW_DATE": "",
    "1YR_NET_CHANGE": "",
    "1YR_PERCENTAGE_CHANGE": "",
    "YTD_NET_CHANGE": "",
    "YTD_PERCENT_CHANGE": "",
    "MARKET_STATUS": "CLOSED",
    "MARKET_CAP": "27205943296",
    "MARKET_CAP_DISPLAY": "27.20B",
    "NBR_TRADES": "",
    "OPEN_INTEREST": "",
    "TIMESTAMP_LOCAL": "10/16/2020 7:16:28 PM",
    "TIMESTAMP_UTC": "10/16/2020 11:16:28 PM",
    "DIVIDEND": "",
    "VOLUME_AVG": "3155100",
    "EARNINGS_PER_SHARE": "3.808",
    "OUTSTANDING_SHARES": "219172992",
    "BETA_RATIO": "",
    "1YR_TARGET_ESTIMATE": "",
    "NEXT_EARNING_DATE": "10/21/2020 8:30:00 AM",
    "CUSTOM_DATA": "",
    "FETCHED_TIMESTAMP_UTC": "2020-10-17T18:34:28",
    "FROM_COUNTRY_CODE": "",
    "COUNTRY_CODE": "",
    "CURRENCY_CODE": "",
    "CURRENCY_SYMBOL": "",
    "MARKET_VOLUME": " ",
    "MARKET_TURNOVER": " ",
    "MARKET_VOLUME_CODE": "",
    "MARKET_TURNOVER_CODE": ""
  }
],
"ChartData": {
"LABEL": "NASDAQ 100 Index",
"SYMBOL": "NDAQ",
"PERIOD_TEXT": "Intraday",
"NET_CHANGE_PERIOD": "+1.27",
"PER_CHANGE_PERIOD": "+0.99",
"NET_CHANGE_PERIOD_ARROW": "1",
"CURRENT_CLOSE_VALUE": "128.92",
"CURRENT_CLOSE_VALUE_NORM": "729",
"PREVIOUSDAY_CLOSE": "127.65",
"PREVIOUSDAY_CLOSE_NORM": "412",
"REGULAR_MARKET_CLOSE": "",
"REGULAR_MARKET_CLOSE_NORM": "",
"TRADE_PRICE_POST_MARKET": "",
"NET_CHANGE_POST_MARKET": "",
"PERCENT_CHANGE_POST_MARKET": "",
"MINIMUM_CLOSE_VALUE": "126.45",
"MAXIMUM_CLOSE_VALUE": "129.9",
"MINIMUM_VALUE": "126.45",
"MAXIMUM_VALUE": "129.9",
"X_AXIS_LABEL": "10 am;11 am;12 pm;1 pm;2 pm;3 pm",
"X_AXIS_LABEL_POS": "77.12082;231.36247;385.60411;539.84576;694.0874;848.32905",
"X_AXIS_LABELS_TIMESTAMPS": "2020-10-15;2020-10-15;2020-10-15;2020-10-15;2020-10-15;2020-10-15",
"X_AXIS_PRE_MKT_POS": "",
"X_AXIS_REGULAR_MKT_POS": "",
"X_AXIS_AFTER_MKT_POS": "",
"Y_AXIS_LABELS_CLOSE": "126;127;128;129;130",
"Y_AXIS_LABELS_CLOSE_RAW": "126;127;128;129;130",
"Y_AXIS_LABELS_VOLUME": "0;125K",
"TIMESTAMPS": "2020-10-15 09:30;2020-10-15 09:31;2020-10-15 09:32;2020-10-15 09:33;2020-10-15 09:34;2020-10-15 09:35;2020-10-15 09:36;2020-10-15 09:37;2020-10-15 09:38;2020-10-15 09:39;2020-10-15 09:40;2020-10-15 09:41;2020-10-15 09:42;2020-10-15 09:43;2020-10-15 09:44;2020-10-15 09:45;2020-10-15 09:46;2020-10-15 09:47;2020-10-15 09:48;2020-10-15 09:49;2020-10-15 09:50;2020-10-15 09:51;2020-10-15 09:52;2020-10-15 09:53;2020-10-15 09:54;2020-10-15 09:55;2020-10-15 09:56;2020-10-15 09:57;2020-10-15 09:58;2020-10-15 09:59;2020-10-15 10:00;2020-10-15 10:01;2020-10-15 10:02;2020-10-15 10:03;2020-10-15 10:04;2020-10-15 10:05;2020-10-15 10:06;2020-10-15 10:07;2020-10-15 10:08;2020-10-15 10:09;2020-10-15 10:10;2020-10-15 10:11;2020-10-15 10:12;2020-10-15 10:13;2020-10-15 10:14;2020-10-15 10:15;2020-10-15 10:16;2020-10-15 10:17;2020-10-15 10:18;2020-10-15 10:19;2020-10-15 10:20;2020-10-15 10:21;2020-10-15 10:22;2020-10-15 10:23;2020-10-15 10:24;2020-10-15 10:25;2020-10-15 10:26;2020-10-15 10:27;2020-10-15 10:28;2020-10-15 10:29;2020-10-15 10:30;2020-10-15 10:31;2020-10-15 10:32;2020-10-15 10:33;2020-10-15 10:34;2020-10-15 10:35;2020-10-15 10:36;2020-10-15 10:37;2020-10-15 10:38;2020-10-15 10:39;2020-10-15 10:40;2020-10-15 10:41;2020-10-15 10:42;2020-10-15 10:43;2020-10-15 10:44;2020-10-15 10:45;2020-10-15 10:46;2020-10-15 10:47;2020-10-15 10:48;2020-10-15 10:49;2020-10-15 10:50;2020-10-15 10:51;2020-10-15 10:52;2020-10-15 10:53;2020-10-15 10:54;2020-10-15 10:55;2020-10-15 10:56;2020-10-15 10:57;2020-10-15 10:58;2020-10-15 10:59;2020-10-15 11:00;2020-10-15 11:01;2020-10-15 11:02;2020-10-15 11:03;2020-10-15 11:04;2020-10-15 11:05;2020-10-15 11:06;2020-10-15 11:07;2020-10-15 11:08;2020-10-15 11:09;2020-10-15 11:10;2020-10-15 11:11;2020-10-15 11:12;2020-10-15 11:13;2020-10-15 11:14;2020-10-15 11:15;2020-10-15 11:16;2020-10-15 11:17;2020-10-15 11:18;2020-10-15 11:19;2020-10-15 11:20;2020-10-15 11:21;2020-10-15 11:22;2020-10-15 11:23;2020-10-15 11:24;2020-10-15 11:25;2020-10-15 11:26;2020-10-15 11:27;2020-10-15 11:28;2020-10-15 11:29;2020-10-15 11:30;2020-10-15 11:31;2020-10-15 11:32;2020-10-15 11:33;2020-10-15 11:34;2020-10-15 11:35;2020-10-15 11:36;2020-10-15 11:37;2020-10-15 11:38;2020-10-15 11:39;2020-10-15 11:40;2020-10-15 11:41;2020-10-15 11:42;2020-10-15 11:43;2020-10-15 11:44;2020-10-15 11:45;2020-10-15 11:46;2020-10-15 11:47;2020-10-15 11:48;2020-10-15 11:49;2020-10-15 11:50;2020-10-15 11:51;2020-10-15 11:52;2020-10-15 11:53;2020-10-15 11:54;2020-10-15 11:55;2020-10-15 11:56;2020-10-15 11:57;2020-10-15 11:58;2020-10-15 11:59;2020-10-15 12:00;2020-10-15 12:01;2020-10-15 12:02;2020-10-15 12:03;2020-10-15 12:04;2020-10-15 12:05;2020-10-15 12:06;2020-10-15 12:07;2020-10-15 12:08;2020-10-15 12:09;2020-10-15 12:10;2020-10-15 12:11;2020-10-15 12:12;2020-10-15 12:13;2020-10-15 12:14;2020-10-15 12:15;2020-10-15 12:16;2020-10-15 12:17;2020-10-15 12:18;2020-10-15 12:19;2020-10-15 12:20;2020-10-15 12:21;2020-10-15 12:22;2020-10-15 12:23;2020-10-15 12:24;2020-10-15 12:25;2020-10-15 12:26;2020-10-15 12:27;2020-10-15 12:28;2020-10-15 12:29;2020-10-15 12:30;2020-10-15 12:31;2020-10-15 12:32;2020-10-15 12:33;2020-10-15 12:34;2020-10-15 12:35;2020-10-15 12:36;2020-10-15 12:37;2020-10-15 12:38;2020-10-15 12:39;2020-10-15 12:40;2020-10-15 12:41;2020-10-15 12:42;2020-10-15 12:43;2020-10-15 12:44;2020-10-15 12:45;2020-10-15 12:46;2020-10-15 12:47;2020-10-15 12:48;2020-10-15 12:49;2020-10-15 12:50;2020-10-15 12:51;2020-10-15 12:52;2020-10-15 12:53;2020-10-15 12:54;2020-10-15 12:55;2020-10-15 12:56;2020-10-15 12:57;2020-10-15 12:58;2020-10-15 12:59;2020-10-15 13:00;2020-10-15 13:01;2020-10-15 13:02;2020-10-15 13:03;2020-10-15 13:04;2020-10-15 13:05;2020-10-15 13:06;2020-10-15 13:07;2020-10-15 13:08;2020-10-15 13:09;2020-10-15 13:10;2020-10-15 13:11;2020-10-15 13:12;2020-10-15 13:13;2020-10-15 13:14;2020-10-15 13:15;2020-10-15 13:16;2020-10-15 13:17;2020-10-15 13:18;2020-10-15 13:19;2020-10-15 13:20;2020-10-15 13:21;2020-10-15 13:22;2020-10-15 13:23;2020-10-15 13:24;2020-10-15 13:25;2020-10-15 13:26;2020-10-15 13:27;2020-10-15 13:28;2020-10-15 13:29;2020-10-15 13:30;2020-10-15 13:31;2020-10-15 13:32;2020-10-15 13:33;2020-10-15 13:34;2020-10-15 13:35;2020-10-15 13:36;2020-10-15 13:37;2020-10-15 13:38;2020-10-15 13:39;2020-10-15 13:40;2020-10-15 13:41;2020-10-15 13:42;2020-10-15 13:43;2020-10-15 13:44;2020-10-15 13:45;2020-10-15 13:46;2020-10-15 13:47;2020-10-15 13:48;2020-10-15 13:49;2020-10-15 13:50;2020-10-15 13:51;2020-10-15 13:52;2020-10-15 13:53;2020-10-15 13:54;2020-10-15 13:55;2020-10-15 13:56;2020-10-15 13:57;2020-10-15 13:58;2020-10-15 13:59;2020-10-15 14:00;2020-10-15 14:01;2020-10-15 14:02;2020-10-15 14:03;2020-10-15 14:04;2020-10-15 14:05;2020-10-15 14:06;2020-10-15 14:07;2020-10-15 14:08;2020-10-15 14:09;2020-10-15 14:10;2020-10-15 14:11;2020-10-15 14:12;2020-10-15 14:13;2020-10-15 14:14;2020-10-15 14:15;2020-10-15 14:16;2020-10-15 14:17;2020-10-15 14:18;2020-10-15 14:19;2020-10-15 14:20;2020-10-15 14:21;2020-10-15 14:22;2020-10-15 14:23;2020-10-15 14:24;2020-10-15 14:25;2020-10-15 14:26;2020-10-15 14:27;2020-10-15 14:28;2020-10-15 14:29;2020-10-15 14:30;2020-10-15 14:31;2020-10-15 14:32;2020-10-15 14:33;2020-10-15 14:34;2020-10-15 14:35;2020-10-15 14:36;2020-10-15 14:37;2020-10-15 14:38;2020-10-15 14:39;2020-10-15 14:40;2020-10-15 14:41;2020-10-15 14:42;2020-10-15 14:43;2020-10-15 14:44;2020-10-15 14:45;2020-10-15 14:46;2020-10-15 14:47;2020-10-15 14:48;2020-10-15 14:49;2020-10-15 14:50;2020-10-15 14:51;2020-10-15 14:52;2020-10-15 14:53;2020-10-15 14:54;2020-10-15 14:55;2020-10-15 14:56;2020-10-15 14:57;2020-10-15 14:58;2020-10-15 14:59;2020-10-15 15:00;2020-10-15 15:01;2020-10-15 15:02;2020-10-15 15:03;2020-10-15 15:04;2020-10-15 15:05;2020-10-15 15:06;2020-10-15 15:07;2020-10-15 15:08;2020-10-15 15:09;2020-10-15 15:10;2020-10-15 15:11;2020-10-15 15:12;2020-10-15 15:13;2020-10-15 15:14;2020-10-15 15:15;2020-10-15 15:16;2020-10-15 15:17;2020-10-15 15:18;2020-10-15 15:19;2020-10-15 15:20;2020-10-15 15:21;2020-10-15 15:22;2020-10-15 15:23;2020-10-15 15:24;2020-10-15 15:25;2020-10-15 15:26;2020-10-15 15:27;2020-10-15 15:28;2020-10-15 15:29;2020-10-15 15:30;2020-10-15 15:31;2020-10-15 15:32;2020-10-15 15:33;2020-10-15 15:34;2020-10-15 15:35;2020-10-15 15:36;2020-10-15 15:37;2020-10-15 15:38;2020-10-15 15:39;2020-10-15 15:40;2020-10-15 15:41;2020-10-15 15:42;2020-10-15 15:43;2020-10-15 15:44;2020-10-15 15:45;2020-10-15 15:46;2020-10-15 15:47;2020-10-15 15:48;2020-10-15 15:49;2020-10-15 15:50;2020-10-15 15:51;2020-10-15 15:52;2020-10-15 15:53;2020-10-15 15:54;2020-10-15 15:55;2020-10-15 15:56;2020-10-15 15:57;2020-10-15 15:58;2020-10-15 15:59",
"CLOSE_VALUES": "126.45;127.21;127.3;127.33;127.03;127.03;127.03;126.78;127.24;127.24;127.04;127.07;127.06;127.06;127.09;127.09;127.09;127.41;127.29;127.33;127.23;127.27;127.29;127.31;127.31;127.31;127.29;127.25;127.28;127.4;127.4;127.49;127.51;127.49;127.41;127.53;127.53;127.53;127.56;127.68;127.46;127.36;127.42;127.43;127.24;127.17;127.24;127.22;127.19;127.19;127.19;127.19;127.05;126.97;127.2;127.04;127.03;126.95;126.95;126.95;126.96;126.85;126.64;126.77;126.74;126.64;126.55;126.54;126.57;126.64;126.6;126.6;126.61;126.5;126.65;126.57;126.7;126.75;126.67;126.74;126.71;126.79;126.83;126.77;126.63;126.72;126.78;126.87;126.94;127.05;126.93;126.99;126.91;126.78;126.99;127.08;127.18;127.16;127.25;127.46;127.46;127.5;127.49;127.63;127.59;127.45;127.36;127.35;127.41;127.49;127.48;127.59;127.5;127.55;127.55;127.45;127.45;127.51;127.51;127.43;127.49;127.52;127.54;127.54;127.54;127.54;127.55;127.54;127.54;127.61;127.66;127.6;127.57;127.61;127.61;127.61;127.6;127.52;127.52;127.52;127.65;127.6;127.73;127.68;127.73;127.81;127.68;127.62;127.56;127.62;127.51;127.62;127.5;127.63;127.63;127.67;127.65;127.66;127.6;127.59;127.59;127.54;127.49;127.49;127.61;127.61;127.61;127.61;127.59;127.59;127.56;127.56;127.52;127.57;127.6;127.59;127.7;127.79;127.82;127.82;127.83;127.79;127.65;127.61;127.6;127.63;127.5;127.33;127.37;127.32;127.31;127.31;127.23;127.23;127.13;127.14;127.16;127.36;127.34;127.34;127.35;127.36;127.47;127.49;127.49;127.43;127.43;127.43;127.48;127.52;127.59;127.59;127.59;127.47;127.51;127.67;127.64;127.64;127.64;127.66;127.69;127.69;127.69;127.78;127.75;127.78;127.78;127.72;127.66;127.66;127.67;127.67;127.64;127.65;127.65;127.69;127.69;127.75;127.69;127.69;127.65;127.7;127.7;127.7;127.67;127.77;127.81;127.81;127.69;127.69;127.72;127.75;127.7;127.71;127.76;127.77;127.71;127.71;127.64;127.71;127.71;127.72;127.72;127.73;127.69;127.67;127.67;127.72;127.72;127.72;127.77;127.72;127.84;127.89;127.9;127.9;127.93;127.94;127.85;127.95;127.97;127.96;127.96;127.95;127.92;127.99;127.98;128;128;128.02;128.06;128.01;128.01;128.02;127.99;128.02;128;128;128.01;128.04;128.02;128.01;127.96;127.96;127.96;127.91;127.92;127.92;127.83;127.81;127.85;127.88;127.89;127.89;127.8;127.83;127.88;127.87;127.87;127.87;127.91;127.88;128.02;128;127.97;127.97;128;127.94;127.94;127.91;127.96;127.97;127.99;128;127.98;128.02;128.06;128.05;128.02;128.02;127.95;127.94;127.9;127.84;127.85;127.84;127.88;127.91;127.9;127.97;128.02;128.12;128.12;128.18;128.12;128.18;128.16;128.18;128.23;128.27;128.15;128.15;128.18;128.15;128.1;127.94;128.04;128.1;128.05;128.09;128.19;128.23;128.21;128.25;128.23;128.27;128.24;128.15;128.13;128.16;128.27;128.28;128.26;128.3;128.33;128.42;128.38;128.29;128.35;128.42",
"CLOSE_VALUES_NORMALIZED": "113;302;325;332;256;256;256;194;308;308;260;266;263;263;272;272;272;352;322;332;307;317;321;326;326;326;322;312;318;350;350;372;377;371;352;382;382;382;389;420;364;340;353;358;309;291;309;305;297;297;297;297;262;242;299;261;257;237;237;237;241;211;158;192;184;161;137;135;142;159;149;149;151;125;163;142;174;186;167;184;176;196;207;192;157;180;193;217;235;262;232;247;227;194;247;270;295;290;312;364;366;373;371;407;397;362;340;337;352;371;370;397;375;387;387;362;362;378;378;357;371;379;385;386;386;385;387;385;385;403;415;399;391;402;402;402;398;379;379;379;412;399;431;420;432;452;420;405;389;406;377;405;375;407;407;417;413;415;399;397;397;383;371;371;402;402;402;402;397;397;388;388;379;392;399;397;424;447;454;454;458;448;413;402;399;407;376;332;342;329;327;327;307;307;283;286;290;340;334;334;337;340;367;372;372;358;358;358;370;379;397;397;397;367;378;417;409;409;409;415;422;422;422;444;436;444;444;430;415;415;417;417;409;412;412;422;422;437;422;422;412;424;424;424;417;442;451;451;422;422;430;437;424;427;440;442;427;427;408;426;428;430;430;432;422;417;417;431;431;431;442;430;459;472;475;475;481;485;462;487;492;489;489;487;479;497;495;500;498;506;514;501;501;506;497;506;500;500;502;511;505;502;489;489;489;477;479;479;457;452;462;469;472;472;450;457;469;467;467;467;477;469;505;500;493;492;498;485;485;477;488;492;497;500;495;505;514;512;504;504;487;485;475;459;462;459;469;477;475;492;506;529;529;544;529;544;540;544;557;567;537;537;545;537;525;485;511;525;512;522;547;557;552;562;556;567;560;536;532;540;567;568;566;575;582;604;596;573;587;604",
"VOLUME_VALUES": "0;2510;244;319;3582;;;172;1690;;1779;100;951;;613;;;514;1226;1126;394;1224;1183;1841;;;216;1324;542;597;391;141;1515;153;267;902;;;482;664;841;364;681;406;4102;100;825;922;1015;401;;;1937;507;1264;541;721;1071;;;1233;602;126;1209;316;393;577;591;674;463;1579;;317;553;540;864;3682;266;944;217;1441;538;780;928;224;1270;1275;244;1337;467;809;106;731;274;862;119;862;1386;716;553;576;1320;486;500;169;1176;576;424;895;131;487;297;482;173;517;1916;;975;;455;156;658;529;771;;648;754;795;;652;397;585;277;598;;1312;266;503;;;1251;1711;1236;148;206;802;763;648;114;899;237;481;201;782;;588;145;494;611;364;;777;241;;591;;;1173;387;;553;;382;386;362;837;150;489;406;;618;530;924;138;447;848;425;1776;1548;747;551;;859;;238;346;787;707;320;;234;304;998;532;;1001;;;779;513;607;;;865;2014;167;881;;;117;819;;;1142;321;429;;402;907;;496;;559;395;;419;669;242;748;;362;149;;;693;195;858;;1236;;119;1295;860;297;733;276;510;;221;921;158;380;;609;230;1302;;753;;;226;254;1037;236;234;;205;658;1108;796;571;660;482;449;354;674;214;417;519;534;261;776;;441;565;507;562;972;140;554;156;616;1132;;1206;312;498;;1622;935;366;686;361;606;918;1000;265;337;;;532;553;953;127;386;639;822;1601;394;928;807;588;464;824;464;108;527;488;920;;806;503;851;2231;663;691;226;984;1425;376;663;1104;1500;1517;1253;427;1293;869;1401;622;2764;1078;2461;743;2058;1659;1178;1299;948;1408;4898;3736;3431;1545;2773;5499;1588;6098;4295;5109;2220;2088;6004;2883;12597;8041;6789;6685;10623;18644",
"VOLUME_VALUES_NORMALIZED": "0;20;1;2;28;0;0;1;13;0;14;0;7;0;4;0;0;4;9;9;3;9;9;14;0;0;1;10;4;4;3;1;12;1;2;7;0;0;3;5;6;2;5;3;32;0;6;7;8;3;0;0;15;4;10;4;5;8;0;0;9;4;1;9;2;3;4;4;5;3;12;0;2;4;4;6;29;2;7;1;11;4;6;7;1;10;10;1;10;3;6;0;5;2;6;0;6;11;5;4;4;10;3;4;1;9;4;3;7;1;3;2;3;1;4;15;0;7;0;3;1;5;4;6;0;5;6;6;0;5;3;4;2;4;0;10;2;4;0;0;10;13;9;1;1;6;6;5;0;7;1;3;1;6;0;4;1;3;4;2;0;6;1;0;4;0;0;9;3;0;4;0;3;3;2;6;1;3;3;0;4;4;7;1;3;6;3;14;12;5;4;0;6;0;1;2;6;5;2;0;1;2;8;4;0;8;0;0;6;4;4;0;0;6;16;1;7;0;0;0;6;0;0;9;2;3;0;3;7;0;3;0;4;3;0;3;5;1;5;0;2;1;0;0;5;1;6;0;9;0;0;10;6;2;5;2;4;0;1;7;1;3;0;4;1;10;0;6;0;0;1;2;8;1;1;0;1;5;8;6;4;5;3;3;2;5;1;3;4;4;2;6;0;3;4;4;4;7;1;4;1;4;9;0;9;2;3;0;13;7;2;5;2;4;7;8;2;2;0;0;4;4;7;1;3;5;6;12;3;7;6;4;3;6;3;0;4;3;7;0;6;4;6;17;5;5;1;7;11;3;5;8;12;12;10;3;10;6;11;4;22;8;19;5;16;13;9;10;7;11;39;29;27;12;22;44;12;48;34;40;17;16;48;23;101;64;54;53;85;149",
"INDICATORS": null,
"PRICE_PRECISION": 2,
"PRICEMULTIPLIER": null,
"PERIOD_TYPE": "PreviousBusinessDay",
"PERIOD_AMOUNT": "",
"GRANULARITY": "Minute"
}
}