{
"groups": [
{
"CODE": "TECHNOLOGY",
"EXTERNAL_CODE": "TECHNOLOGY",
"DISPLAY_NAME": "NYSE Technology",
"INTERNAL_SYMBOL": "AAPL,MSFT,TSM,NVDA,ADBE",
"INTERNAL_SYMBOL_UPPERCASE": "AAPL,MSFT,TSM,NVDA,ADBE",
"CATEGORY": "",
"MARKET_CODE": "",
"MARKET_NAME": "",
"SORT_TYPE": "Manual",
"COUNT": 5
}
],
"securities": [
{
"INTERNAL_SYMBOL": "AAPL",
"INTERNAL_SYMBOL_UPPERCASE": "AAPL",
"SYMBOL": "AAPL",
"DATA_PROVIDER_SECURITY_SYMBOL": "AAPL",
"GROUP_CODE": "",
"SECURITY_TYPE": "Stock",
"DISPLAY_NAME": "Apple",
"SHORT_NAME": "Apple",
"ALTERNATE_NAME": "",
"NAME": "Apple",
"MARKET_CODE": "NMS",
"TRADE_DATE": "10/16/2020 12:00:00 AM",
"TRADE_TIME": "16:00:01",
"TRADE_PRICE": "119.02",
"TRADE_PRICE_FULL": "119.02",
"TRADE_PRICE_EXT_HOURS": "118.72",
"TRADE_PRICE_FULL_EXT_HOURS": "118.72",
"TRADE_DATE_EXT_HOURS": "10/16/2020 12:00:00 AM",
"TRADE_TIME_EXT_HOURS": "19:59:58",
"PERCENT_CHANGE": "-1.40",
"PERCENT_CHANGE_FULL": "-1.4",
"PERCENT_CHANGE_EXT_HOURS": "-0.25",
"CHANGE_COLOR": "B42C31",
"NET_CHANGE": "-1.69",
"NET_CHANGE_FULL": "-1.69",
"NET_CHANGE_EXT_HOURS": "-0.30",
"NET_CHANGE_ARROW": "-1",
"NET_CHANGE_ARROW_EXT_HOURS": "-1",
"VOLUME": "115.4 M",
"VOLUME_FULL": "115393808",
"OPEN_VALUE": "121.28",
"CLOSE_VALUE": "",
"LOW_VALUE": "118.81",
"HIGH_VALUE": "121.54",
"PRICE_PRECISION": "2",
"UNITS": "",
"EXPIRY_DATE": "",
"EXPIRY_MONTH": "",
"EXPIRY_YEAR": "",
"EXPIRY_MMMYY": "",
"CLOSE_YIELD": "",
"YIELD": "",
"YIELD_TO_MATURITY": "",
"TURNOVER": "",
"TURNOVER_FULL": "",
"MATURITY_DATE": "",
"TERM_YEARS": "",
"COUPON": "",
"NBR_COUPONS_PER_YEAR": "",
"PREVIOUS_CLOSE": "120.71",
"BID": "118.72",
"ASK": "118.77",
"PE_RATIO": "36.110",
"INDUSTRY": "",
"IPO_PRICE": "",
"IPO_DATE": "",
"DATA_PROVIDER_NAME": "YAHOO",
"52WK_HIGH": "137.98",
"52WK_HIGH_DATE": "",
"52WK_LOW": "53.15",
"52WK_LOW_DATE": "",
"1YR_NET_CHANGE": "",
"1YR_PERCENTAGE_CHANGE": "",
"YTD_NET_CHANGE": "",
"YTD_PERCENT_CHANGE": "",
"MARKET_STATUS": "CLOSED",
"MARKET_CAP": "2035539509248",
"MARKET_CAP_DISPLAY": "2.035T",
"NBR_TRADES": "",
"OPEN_INTEREST": "",
"TIMESTAMP_LOCAL": "10/16/2020 7:59:58 PM",
"TIMESTAMP_UTC": "10/16/2020 11:59:58 PM",
"DIVIDEND": "0.782",
"VOLUME_AVG": "145260712",
"EARNINGS_PER_SHARE": "3.296",
"OUTSTANDING_SHARES": "17102499840",
"BETA_RATIO": "",
"1YR_TARGET_ESTIMATE": "",
"NEXT_EARNING_DATE": "10/29/2020 4:00:00 PM",
"CUSTOM_DATA": "",
"FETCHED_TIMESTAMP_UTC": "2020-10-17T18:43:53",
"FROM_COUNTRY_CODE": "",
"COUNTRY_CODE": "",
"CURRENCY_CODE": "",
"CURRENCY_SYMBOL": "",
"MARKET_VOLUME": " ",
"MARKET_TURNOVER": " ",
"MARKET_VOLUME_CODE": "",
"MARKET_TURNOVER_CODE": ""
},
  {
    "INTERNAL_SYMBOL": "MSFT",
    "INTERNAL_SYMBOL_UPPERCASE": "MSFT",
    "SYMBOL": "MSFT",
    "DATA_PROVIDER_SECURITY_SYMBOL": "MSFT",
    "GROUP_CODE": "",
    "SECURITY_TYPE": "Stock",
    "DISPLAY_NAME": "Microsoft",
    "SHORT_NAME": "Microsoft",
    "ALTERNATE_NAME": "",
    "NAME": "Microsoft",
    "MARKET_CODE": "NMS",
    "TRADE_DATE": "10/16/2020 12:00:00 AM",
    "TRADE_TIME": "16:00:02",
    "TRADE_PRICE": "219.66",
    "TRADE_PRICE_FULL": "219.66",
    "TRADE_PRICE_EXT_HOURS": "219.16",
    "TRADE_PRICE_FULL_EXT_HOURS": "219.16",
    "TRADE_DATE_EXT_HOURS": "10/16/2020 12:00:00 AM",
    "TRADE_TIME_EXT_HOURS": "19:59:45",
    "PERCENT_CHANGE": "0.00",
    "PERCENT_CHANGE_FULL": "0.00",
    "PERCENT_CHANGE_EXT_HOURS": "-0.23",
    "CHANGE_COLOR": "E3E3E3",
    "NET_CHANGE": "0.00",
    "NET_CHANGE_FULL": "0.00",
    "NET_CHANGE_EXT_HOURS": "-0.50",
    "NET_CHANGE_ARROW": "0",
    "NET_CHANGE_ARROW_EXT_HOURS": "-1",
    "VOLUME": "25.1 M",
    "VOLUME_FULL": "25074770",
    "OPEN_VALUE": "220.15",
    "CLOSE_VALUE": "",
    "LOW_VALUE": "219.33",
    "HIGH_VALUE": "222.29",
    "PRICE_PRECISION": "2",
    "UNITS": "",
    "EXPIRY_DATE": "",
    "EXPIRY_MONTH": "",
    "EXPIRY_YEAR": "",
    "EXPIRY_MMMYY": "",
    "CLOSE_YIELD": "",
    "YIELD": "",
    "YIELD_TO_MATURITY": "",
    "TURNOVER": "",
    "TURNOVER_FULL": "",
    "MATURITY_DATE": "",
    "TERM_YEARS": "",
    "COUPON": "",
    "NBR_COUPONS_PER_YEAR": "",
    "PREVIOUS_CLOSE": "219.66",
    "BID": "218.95",
    "ASK": "219.00",
    "PE_RATIO": "38.135",
    "INDUSTRY": "",
    "IPO_PRICE": "",
    "IPO_DATE": "",
    "DATA_PROVIDER_NAME": "YAHOO",
    "52WK_HIGH": "232.86",
    "52WK_HIGH_DATE": "",
    "52WK_LOW": "132.52",
    "52WK_LOW_DATE": "",
    "1YR_NET_CHANGE": "",
    "1YR_PERCENTAGE_CHANGE": "",
    "YTD_NET_CHANGE": "",
    "YTD_PERCENT_CHANGE": "",
    "MARKET_STATUS": "CLOSED",
    "MARKET_CAP": "1662310023168",
    "MARKET_CAP_DISPLAY": "1.662T",
    "NBR_TRADES": "",
    "OPEN_INTEREST": "",
    "TIMESTAMP_LOCAL": "10/16/2020 7:59:45 PM",
    "TIMESTAMP_UTC": "10/16/2020 11:59:45 PM",
    "DIVIDEND": "2.04",
    "VOLUME_AVG": "26713525",
    "EARNINGS_PER_SHARE": "5.760",
    "OUTSTANDING_SHARES": "7567649792",
    "BETA_RATIO": "",
    "1YR_TARGET_ESTIMATE": "",
    "NEXT_EARNING_DATE": "10/27/2020 4:00:00 PM",
    "CUSTOM_DATA": "",
    "FETCHED_TIMESTAMP_UTC": "2020-10-17T18:43:53",
    "FROM_COUNTRY_CODE": "",
    "COUNTRY_CODE": "",
    "CURRENCY_CODE": "",
    "CURRENCY_SYMBOL": "",
    "MARKET_VOLUME": " ",
    "MARKET_TURNOVER": " ",
    "MARKET_VOLUME_CODE": "",
    "MARKET_TURNOVER_CODE": ""
  },
{
"INTERNAL_SYMBOL": "TSM",
"INTERNAL_SYMBOL_UPPERCASE": "TSM",
"SYMBOL": "TSM",
"DATA_PROVIDER_SECURITY_SYMBOL": "TSM",
"GROUP_CODE": "",
"SECURITY_TYPE": "Stock",
"DISPLAY_NAME": "Taiwan Semiconductor",
"SHORT_NAME": "Taiwan Semi.",
"ALTERNATE_NAME": "",
"NAME": "Taiwan Semiconductor",
"MARKET_CODE": "NYQ",
"TRADE_DATE": "10/16/2020 12:00:00 AM",
"TRADE_TIME": "16:00:01",
"TRADE_PRICE": "86.70",
"TRADE_PRICE_FULL": "86.7",
"TRADE_PRICE_EXT_HOURS": "86.56",
"TRADE_PRICE_FULL_EXT_HOURS": "86.56",
"TRADE_DATE_EXT_HOURS": "10/16/2020 12:00:00 AM",
"TRADE_TIME_EXT_HOURS": "19:41:05",
"PERCENT_CHANGE": "-1.64",
"PERCENT_CHANGE_FULL": "-1.64",
"PERCENT_CHANGE_EXT_HOURS": "-0.16",
"CHANGE_COLOR": "B42C31",
"NET_CHANGE": "-1.45",
"NET_CHANGE_FULL": "-1.45",
"NET_CHANGE_EXT_HOURS": "-0.14",
"NET_CHANGE_ARROW": "-1",
"NET_CHANGE_ARROW_EXT_HOURS": "-1",
"VOLUME": "7.3 M",
"VOLUME_FULL": "7320131",
"OPEN_VALUE": "88.55",
"CLOSE_VALUE": "",
"LOW_VALUE": "86.44",
"HIGH_VALUE": "88.59",
"PRICE_PRECISION": "2",
"UNITS": "",
"EXPIRY_DATE": "",
"EXPIRY_MONTH": "",
"EXPIRY_YEAR": "",
"EXPIRY_MMMYY": "",
"CLOSE_YIELD": "",
"YIELD": "",
"YIELD_TO_MATURITY": "",
"TURNOVER": "",
"TURNOVER_FULL": "",
"MATURITY_DATE": "",
"TERM_YEARS": "",
"COUPON": "",
"NBR_COUPONS_PER_YEAR": "",
"PREVIOUS_CLOSE": "88.15",
"BID": "86.52",
"ASK": "86.67",
"PE_RATIO": "38.879",
"INDUSTRY": "",
"IPO_PRICE": "",
"IPO_DATE": "",
"DATA_PROVIDER_NAME": "YAHOO",
"52WK_HIGH": "91.27",
"52WK_HIGH_DATE": "",
"52WK_LOW": "42.70",
"52WK_LOW_DATE": "",
"1YR_NET_CHANGE": "",
"1YR_PERCENTAGE_CHANGE": "",
"YTD_NET_CHANGE": "",
"YTD_PERCENT_CHANGE": "",
"MARKET_STATUS": "CLOSED",
"MARKET_CAP": "405218459648",
"MARKET_CAP_DISPLAY": "405.2B",
"NBR_TRADES": "",
"OPEN_INTEREST": "",
"TIMESTAMP_LOCAL": "10/16/2020 7:41:05 PM",
"TIMESTAMP_UTC": "10/16/2020 11:41:05 PM",
"DIVIDEND": "0.263",
"VOLUME_AVG": "9278262",
"EARNINGS_PER_SHARE": "2.230",
"OUTSTANDING_SHARES": "5186079744",
"BETA_RATIO": "",
"1YR_TARGET_ESTIMATE": "",
"NEXT_EARNING_DATE": "",
"CUSTOM_DATA": "",
"FETCHED_TIMESTAMP_UTC": "2020-10-17T18:43:53",
"FROM_COUNTRY_CODE": "",
"COUNTRY_CODE": "",
"CURRENCY_CODE": "",
"CURRENCY_SYMBOL": "",
"MARKET_VOLUME": " ",
"MARKET_TURNOVER": " ",
"MARKET_VOLUME_CODE": "",
"MARKET_TURNOVER_CODE": ""
},
{
"INTERNAL_SYMBOL": "NVDA",
"INTERNAL_SYMBOL_UPPERCASE": "NVDA",
"SYMBOL": "NVDA",
"DATA_PROVIDER_SECURITY_SYMBOL": "NVDA",
"GROUP_CODE": "",
"SECURITY_TYPE": "Stock",
"DISPLAY_NAME": "NVIDIA",
"SHORT_NAME": "NVIDIA",
"ALTERNATE_NAME": "",
"NAME": "NVIDIA",
"MARKET_CODE": "NMS",
"TRADE_DATE": "10/16/2020 12:00:00 AM",
"TRADE_TIME": "16:00:01",
"TRADE_PRICE": "552.46",
"TRADE_PRICE_FULL": "552.46",
"TRADE_PRICE_EXT_HOURS": "551.50",
"TRADE_PRICE_FULL_EXT_HOURS": "551.5",
"TRADE_DATE_EXT_HOURS": "10/16/2020 12:00:00 AM",
"TRADE_TIME_EXT_HOURS": "19:34:40",
"PERCENT_CHANGE": "-1.13",
"PERCENT_CHANGE_FULL": "-1.13",
"PERCENT_CHANGE_EXT_HOURS": "-0.17",
"CHANGE_COLOR": "B42C31",
"NET_CHANGE": "-6.34",
"NET_CHANGE_FULL": "-6.34",
"NET_CHANGE_EXT_HOURS": "-0.96",
"NET_CHANGE_ARROW": "-1",
"NET_CHANGE_ARROW_EXT_HOURS": "-1",
"VOLUME": "6.1 M",
"VOLUME_FULL": "6065990",
"OPEN_VALUE": "561.47",
"CLOSE_VALUE": "",
"LOW_VALUE": "551.70",
"HIGH_VALUE": "564.75",
"PRICE_PRECISION": "2",
"UNITS": "",
"EXPIRY_DATE": "",
"EXPIRY_MONTH": "",
"EXPIRY_YEAR": "",
"EXPIRY_MMMYY": "",
"CLOSE_YIELD": "",
"YIELD": "",
"YIELD_TO_MATURITY": "",
"TURNOVER": "",
"TURNOVER_FULL": "",
"MATURITY_DATE": "",
"TERM_YEARS": "",
"COUPON": "",
"NBR_COUPONS_PER_YEAR": "",
"PREVIOUS_CLOSE": "558.80",
"BID": "551.01",
"ASK": "551.10",
"PE_RATIO": "101.481",
"INDUSTRY": "",
"IPO_PRICE": "",
"IPO_DATE": "",
"DATA_PROVIDER_NAME": "YAHOO",
"52WK_HIGH": "589.07",
"52WK_HIGH_DATE": "",
"52WK_LOW": "180.68",
"52WK_LOW_DATE": "",
"1YR_NET_CHANGE": "",
"1YR_PERCENTAGE_CHANGE": "",
"YTD_NET_CHANGE": "",
"YTD_PERCENT_CHANGE": "",
"MARKET_STATUS": "CLOSED",
"MARKET_CAP": "341262270464",
"MARKET_CAP_DISPLAY": "341.2B",
"NBR_TRADES": "",
"OPEN_INTEREST": "",
"TIMESTAMP_LOCAL": "10/16/2020 7:34:40 PM",
"TIMESTAMP_UTC": "10/16/2020 11:34:40 PM",
"DIVIDEND": "0.64",
"VOLUME_AVG": "8467150",
"EARNINGS_PER_SHARE": "5.444",
"OUTSTANDING_SHARES": "617000000",
"BETA_RATIO": "",
"1YR_TARGET_ESTIMATE": "",
"NEXT_EARNING_DATE": "11/18/2020 5:00:00 PM",
"CUSTOM_DATA": "",
"FETCHED_TIMESTAMP_UTC": "2020-10-17T18:43:53",
"FROM_COUNTRY_CODE": "",
"COUNTRY_CODE": "",
"CURRENCY_CODE": "",
"CURRENCY_SYMBOL": "",
"MARKET_VOLUME": " ",
"MARKET_TURNOVER": " ",
"MARKET_VOLUME_CODE": "",
"MARKET_TURNOVER_CODE": ""
},
  {
    "INTERNAL_SYMBOL": "ADBE",
    "INTERNAL_SYMBOL_UPPERCASE": "ADBE",
    "SYMBOL": "ADBE",
    "DATA_PROVIDER_SECURITY_SYMBOL": "ADBE",
    "GROUP_CODE": "",
    "SECURITY_TYPE": "Stock",
    "DISPLAY_NAME": "Adobe",
    "SHORT_NAME": "Adobe",
    "ALTERNATE_NAME": "",
    "NAME": "Adobe",
    "MARKET_CODE": "NMS",
    "TRADE_DATE": "10/16/2020 12:00:00 AM",
    "TRADE_TIME": "16:00:01",
    "TRADE_PRICE": "502.82",
    "TRADE_PRICE_FULL": "502.82",
    "TRADE_PRICE_EXT_HOURS": "501.68",
    "TRADE_PRICE_FULL_EXT_HOURS": "501.68",
    "TRADE_DATE_EXT_HOURS": "10/16/2020 12:00:00 AM",
    "TRADE_TIME_EXT_HOURS": "18:10:42",
    "PERCENT_CHANGE": "+0.33",
    "PERCENT_CHANGE_FULL": "0.33",
    "PERCENT_CHANGE_EXT_HOURS": "-0.23",
    "CHANGE_COLOR": "16DA3A",
    "NET_CHANGE": "+1.67",
    "NET_CHANGE_FULL": "1.67",
    "NET_CHANGE_EXT_HOURS": "-1.14",
    "NET_CHANGE_ARROW": "1",
    "NET_CHANGE_ARROW_EXT_HOURS": "-1",
    "VOLUME": "2.4 M",
    "VOLUME_FULL": "2441382",
    "OPEN_VALUE": "504.00",
    "CLOSE_VALUE": "",
    "LOW_VALUE": "500.70",
    "HIGH_VALUE": "510.34",
    "PRICE_PRECISION": "2",
    "UNITS": "",
    "EXPIRY_DATE": "",
    "EXPIRY_MONTH": "",
    "EXPIRY_YEAR": "",
    "EXPIRY_MMMYY": "",
    "CLOSE_YIELD": "",
    "YIELD": "",
    "YIELD_TO_MATURITY": "",
    "TURNOVER": "",
    "TURNOVER_FULL": "",
    "MATURITY_DATE": "",
    "TERM_YEARS": "",
    "COUPON": "",
    "NBR_COUPONS_PER_YEAR": "",
    "PREVIOUS_CLOSE": "501.15",
    "BID": "501.37",
    "ASK": "502.50",
    "PE_RATIO": "63.327",
    "INDUSTRY": "",
    "IPO_PRICE": "",
    "IPO_DATE": "",
    "DATA_PROVIDER_NAME": "YAHOO",
    "52WK_HIGH": "536.88",
    "52WK_HIGH_DATE": "",
    "52WK_LOW": "255.13",
    "52WK_LOW_DATE": "",
    "1YR_NET_CHANGE": "",
    "1YR_PERCENTAGE_CHANGE": "",
    "YTD_NET_CHANGE": "",
    "YTD_PERCENT_CHANGE": "",
    "MARKET_STATUS": "CLOSED",
    "MARKET_CAP": "241212309504",
    "MARKET_CAP_DISPLAY": "241.2B",
    "NBR_TRADES": "",
    "OPEN_INTEREST": "",
    "TIMESTAMP_LOCAL": "10/16/2020 6:10:42 PM",
    "TIMESTAMP_UTC": "10/16/2020 10:10:42 PM",
    "DIVIDEND": "",
    "VOLUME_AVG": "2196875",
    "EARNINGS_PER_SHARE": "7.940",
    "OUTSTANDING_SHARES": "479719008",
    "BETA_RATIO": "",
    "1YR_TARGET_ESTIMATE": "",
    "NEXT_EARNING_DATE": "12/9/2020 5:00:00 PM",
    "CUSTOM_DATA": "",
    "FETCHED_TIMESTAMP_UTC": "2020-10-17T18:43:53",
    "FROM_COUNTRY_CODE": "",
    "COUNTRY_CODE": "",
    "CURRENCY_CODE": "",
    "CURRENCY_SYMBOL": "",
    "MARKET_VOLUME": " ",
    "MARKET_TURNOVER": " ",
    "MARKET_VOLUME_CODE": "",
    "MARKET_TURNOVER_CODE": ""
  }
],
"ChartData": {
"LABEL": "New York Stock Exchange",
"SYMBOL": "NYSE",
"PERIOD_TEXT": "Previous Business Day",
"NET_CHANGE_PERIOD": "-0.01",
"PER_CHANGE_PERIOD": "-0.01",
"NET_CHANGE_PERIOD_ARROW": "-1",
"CURRENT_CLOSE_VALUE": "166.42",
"CURRENT_CLOSE_VALUE_NORM": "474",
"PREVIOUSDAY_CLOSE": "166.44",
"PREVIOUSDAY_CLOSE_NORM": "478",
"REGULAR_MARKET_CLOSE": "",
"REGULAR_MARKET_CLOSE_NORM": "",
"TRADE_PRICE_POST_MARKET": "",
"NET_CHANGE_POST_MARKET": "",
"PERCENT_CHANGE_POST_MARKET": "",
"MINIMUM_CLOSE_VALUE": "165.49",
"MAXIMUM_CLOSE_VALUE": "167.06",
"MINIMUM_VALUE": "165.49",
"MAXIMUM_VALUE": "167.06",
"X_AXIS_LABEL": "10 am;11 am;12 pm;1 pm;2 pm;3 pm",
"X_AXIS_LABEL_POS": "77.12082;231.36247;385.60411;539.84576;694.0874;848.32905",
"X_AXIS_LABELS_TIMESTAMPS": "2020-10-15;2020-10-15;2020-10-15;2020-10-15;2020-10-15;2020-10-15",
"X_AXIS_PRE_MKT_POS": "",
"X_AXIS_REGULAR_MKT_POS": "",
"X_AXIS_AFTER_MKT_POS": "",
"Y_AXIS_LABELS_CLOSE": "165;166;167;168",
"Y_AXIS_LABELS_CLOSE_RAW": "165;166;167;168",
"Y_AXIS_LABELS_VOLUME": "0;0",
"TIMESTAMPS": "2020-10-15 09:30;2020-10-15 09:31;2020-10-15 09:32;2020-10-15 09:33;2020-10-15 09:34;2020-10-15 09:35;2020-10-15 09:36;2020-10-15 09:37;2020-10-15 09:38;2020-10-15 09:39;2020-10-15 09:40;2020-10-15 09:41;2020-10-15 09:42;2020-10-15 09:43;2020-10-15 09:44;2020-10-15 09:45;2020-10-15 09:46;2020-10-15 09:47;2020-10-15 09:48;2020-10-15 09:49;2020-10-15 09:50;2020-10-15 09:51;2020-10-15 09:52;2020-10-15 09:53;2020-10-15 09:54;2020-10-15 09:55;2020-10-15 09:56;2020-10-15 09:57;2020-10-15 09:58;2020-10-15 09:59;2020-10-15 10:00;2020-10-15 10:01;2020-10-15 10:02;2020-10-15 10:03;2020-10-15 10:04;2020-10-15 10:05;2020-10-15 10:06;2020-10-15 10:07;2020-10-15 10:08;2020-10-15 10:09;2020-10-15 10:10;2020-10-15 10:11;2020-10-15 10:12;2020-10-15 10:13;2020-10-15 10:14;2020-10-15 10:15;2020-10-15 10:16;2020-10-15 10:17;2020-10-15 10:18;2020-10-15 10:19;2020-10-15 10:20;2020-10-15 10:21;2020-10-15 10:22;2020-10-15 10:23;2020-10-15 10:24;2020-10-15 10:25;2020-10-15 10:26;2020-10-15 10:27;2020-10-15 10:28;2020-10-15 10:29;2020-10-15 10:30;2020-10-15 10:31;2020-10-15 10:32;2020-10-15 10:33;2020-10-15 10:34;2020-10-15 10:35;2020-10-15 10:36;2020-10-15 10:37;2020-10-15 10:38;2020-10-15 10:39;2020-10-15 10:40;2020-10-15 10:41;2020-10-15 10:42;2020-10-15 10:43;2020-10-15 10:44;2020-10-15 10:45;2020-10-15 10:46;2020-10-15 10:47;2020-10-15 10:48;2020-10-15 10:49;2020-10-15 10:50;2020-10-15 10:51;2020-10-15 10:52;2020-10-15 10:53;2020-10-15 10:54;2020-10-15 10:55;2020-10-15 10:56;2020-10-15 10:57;2020-10-15 10:58;2020-10-15 10:59;2020-10-15 11:00;2020-10-15 11:01;2020-10-15 11:02;2020-10-15 11:03;2020-10-15 11:04;2020-10-15 11:05;2020-10-15 11:06;2020-10-15 11:07;2020-10-15 11:08;2020-10-15 11:09;2020-10-15 11:10;2020-10-15 11:11;2020-10-15 11:12;2020-10-15 11:13;2020-10-15 11:14;2020-10-15 11:15;2020-10-15 11:16;2020-10-15 11:17;2020-10-15 11:18;2020-10-15 11:19;2020-10-15 11:20;2020-10-15 11:21;2020-10-15 11:22;2020-10-15 11:23;2020-10-15 11:24;2020-10-15 11:25;2020-10-15 11:26;2020-10-15 11:27;2020-10-15 11:28;2020-10-15 11:29;2020-10-15 11:30;2020-10-15 11:31;2020-10-15 11:32;2020-10-15 11:33;2020-10-15 11:34;2020-10-15 11:35;2020-10-15 11:36;2020-10-15 11:37;2020-10-15 11:38;2020-10-15 11:39;2020-10-15 11:40;2020-10-15 11:41;2020-10-15 11:42;2020-10-15 11:43;2020-10-15 11:44;2020-10-15 11:45;2020-10-15 11:46;2020-10-15 11:47;2020-10-15 11:48;2020-10-15 11:49;2020-10-15 11:50;2020-10-15 11:51;2020-10-15 11:52;2020-10-15 11:53;2020-10-15 11:54;2020-10-15 11:55;2020-10-15 11:56;2020-10-15 11:57;2020-10-15 11:58;2020-10-15 11:59;2020-10-15 12:00;2020-10-15 12:01;2020-10-15 12:02;2020-10-15 12:03;2020-10-15 12:04;2020-10-15 12:05;2020-10-15 12:06;2020-10-15 12:07;2020-10-15 12:08;2020-10-15 12:09;2020-10-15 12:10;2020-10-15 12:11;2020-10-15 12:12;2020-10-15 12:13;2020-10-15 12:14;2020-10-15 12:15;2020-10-15 12:16;2020-10-15 12:17;2020-10-15 12:18;2020-10-15 12:19;2020-10-15 12:20;2020-10-15 12:21;2020-10-15 12:22;2020-10-15 12:23;2020-10-15 12:24;2020-10-15 12:25;2020-10-15 12:26;2020-10-15 12:27;2020-10-15 12:28;2020-10-15 12:29;2020-10-15 12:30;2020-10-15 12:31;2020-10-15 12:32;2020-10-15 12:33;2020-10-15 12:34;2020-10-15 12:35;2020-10-15 12:36;2020-10-15 12:37;2020-10-15 12:38;2020-10-15 12:39;2020-10-15 12:40;2020-10-15 12:41;2020-10-15 12:42;2020-10-15 12:43;2020-10-15 12:44;2020-10-15 12:45;2020-10-15 12:46;2020-10-15 12:47;2020-10-15 12:48;2020-10-15 12:49;2020-10-15 12:50;2020-10-15 12:51;2020-10-15 12:52;2020-10-15 12:53;2020-10-15 12:54;2020-10-15 12:55;2020-10-15 12:56;2020-10-15 12:57;2020-10-15 12:58;2020-10-15 12:59;2020-10-15 13:00;2020-10-15 13:01;2020-10-15 13:02;2020-10-15 13:03;2020-10-15 13:04;2020-10-15 13:05;2020-10-15 13:06;2020-10-15 13:07;2020-10-15 13:08;2020-10-15 13:09;2020-10-15 13:10;2020-10-15 13:11;2020-10-15 13:12;2020-10-15 13:13;2020-10-15 13:14;2020-10-15 13:15;2020-10-15 13:16;2020-10-15 13:17;2020-10-15 13:18;2020-10-15 13:19;2020-10-15 13:20;2020-10-15 13:21;2020-10-15 13:22;2020-10-15 13:23;2020-10-15 13:24;2020-10-15 13:25;2020-10-15 13:26;2020-10-15 13:27;2020-10-15 13:28;2020-10-15 13:29;2020-10-15 13:30;2020-10-15 13:31;2020-10-15 13:32;2020-10-15 13:33;2020-10-15 13:34;2020-10-15 13:35;2020-10-15 13:36;2020-10-15 13:37;2020-10-15 13:38;2020-10-15 13:39;2020-10-15 13:40;2020-10-15 13:41;2020-10-15 13:42;2020-10-15 13:43;2020-10-15 13:44;2020-10-15 13:45;2020-10-15 13:46;2020-10-15 13:47;2020-10-15 13:48;2020-10-15 13:49;2020-10-15 13:50;2020-10-15 13:51;2020-10-15 13:52;2020-10-15 13:53;2020-10-15 13:54;2020-10-15 13:55;2020-10-15 13:56;2020-10-15 13:57;2020-10-15 13:58;2020-10-15 13:59;2020-10-15 14:00;2020-10-15 14:01;2020-10-15 14:02;2020-10-15 14:03;2020-10-15 14:04;2020-10-15 14:05;2020-10-15 14:06;2020-10-15 14:07;2020-10-15 14:08;2020-10-15 14:09;2020-10-15 14:10;2020-10-15 14:11;2020-10-15 14:12;2020-10-15 14:13;2020-10-15 14:14;2020-10-15 14:15;2020-10-15 14:16;2020-10-15 14:17;2020-10-15 14:18;2020-10-15 14:19;2020-10-15 14:20;2020-10-15 14:21;2020-10-15 14:22;2020-10-15 14:23;2020-10-15 14:24;2020-10-15 14:25;2020-10-15 14:26;2020-10-15 14:27;2020-10-15 14:28;2020-10-15 14:29;2020-10-15 14:30;2020-10-15 14:31;2020-10-15 14:32;2020-10-15 14:33;2020-10-15 14:34;2020-10-15 14:35;2020-10-15 14:36;2020-10-15 14:37;2020-10-15 14:38;2020-10-15 14:39;2020-10-15 14:40;2020-10-15 14:41;2020-10-15 14:42;2020-10-15 14:43;2020-10-15 14:44;2020-10-15 14:45;2020-10-15 14:46;2020-10-15 14:47;2020-10-15 14:48;2020-10-15 14:49;2020-10-15 14:50;2020-10-15 14:51;2020-10-15 14:52;2020-10-15 14:53;2020-10-15 14:54;2020-10-15 14:55;2020-10-15 14:56;2020-10-15 14:57;2020-10-15 14:58;2020-10-15 14:59;2020-10-15 15:00;2020-10-15 15:01;2020-10-15 15:02;2020-10-15 15:03;2020-10-15 15:04;2020-10-15 15:05;2020-10-15 15:06;2020-10-15 15:07;2020-10-15 15:08;2020-10-15 15:09;2020-10-15 15:10;2020-10-15 15:11;2020-10-15 15:12;2020-10-15 15:13;2020-10-15 15:14;2020-10-15 15:15;2020-10-15 15:16;2020-10-15 15:17;2020-10-15 15:18;2020-10-15 15:19;2020-10-15 15:20;2020-10-15 15:21;2020-10-15 15:22;2020-10-15 15:23;2020-10-15 15:24;2020-10-15 15:25;2020-10-15 15:26;2020-10-15 15:27;2020-10-15 15:28;2020-10-15 15:29;2020-10-15 15:30;2020-10-15 15:31;2020-10-15 15:32;2020-10-15 15:33;2020-10-15 15:34;2020-10-15 15:35;2020-10-15 15:36;2020-10-15 15:37;2020-10-15 15:38;2020-10-15 15:39;2020-10-15 15:40;2020-10-15 15:41;2020-10-15 15:42;2020-10-15 15:43;2020-10-15 15:44;2020-10-15 15:45;2020-10-15 15:46;2020-10-15 15:47;2020-10-15 15:48;2020-10-15 15:49;2020-10-15 15:50;2020-10-15 15:51;2020-10-15 15:52;2020-10-15 15:53;2020-10-15 15:54;2020-10-15 15:55;2020-10-15 15:56;2020-10-15 15:57;2020-10-15 15:58;2020-10-15 15:59",
"CLOSE_VALUES": "165.49;165.59;165.68;165.68;165.65;165.67;165.7;165.68;165.64;165.66;165.63;165.7;165.71;165.71;165.75;165.78;165.75;165.78;165.76;165.8;165.79;165.86;165.87;165.93;165.91;165.94;165.93;165.88;165.88;165.94;165.89;165.9;165.9;165.88;165.9;165.91;165.87;165.85;165.85;165.78;165.77;165.77;165.76;165.79;165.79;165.75;165.86;165.92;165.89;165.86;165.82;165.82;165.79;165.83;165.85;165.79;165.75;165.67;165.74;165.69;165.72;165.72;165.67;165.57;165.64;165.61;165.58;165.57;165.61;165.63;165.67;165.67;165.66;165.57;165.61;165.59;165.64;165.64;165.65;165.62;165.68;165.7;165.7;165.62;165.6;165.63;165.66;165.7;165.72;165.72;165.7;165.69;165.64;165.6;165.66;165.68;165.69;165.77;165.83;165.86;165.86;165.85;165.87;165.84;165.85;165.9;165.9;165.89;166;166;165.97;165.99;166.01;166.02;166.01;165.97;165.98;165.96;165.91;165.89;165.89;165.89;165.89;165.96;165.92;165.93;165.94;165.9;165.92;165.97;166.02;166.01;166.01;166;165.97;166.01;166;165.98;165.97;165.94;166.02;165.96;166.05;166.06;166.07;166.07;165.98;166;165.95;165.98;165.96;165.91;165.92;165.94;165.94;166;166;166;165.94;165.93;165.91;165.94;165.92;165.91;165.92;165.9;165.9;165.95;165.9;165.9;165.87;165.89;165.9;165.87;165.87;165.9;165.9;165.84;165.86;165.88;165.9;165.89;165.85;165.85;165.85;165.86;165.83;165.86;165.88;165.89;165.92;165.89;165.91;165.9;165.86;165.8;165.83;165.9;165.89;165.86;165.87;165.89;166.04;165.96;165.98;165.99;166;165.98;166;166.01;166.02;166.01;166.02;166;165.99;166.01;166;166;166;166.01;166.02;166.04;166.09;166.07;166.08;166.08;166.1;166.03;166.03;166.04;166.05;166.05;166.06;166.06;166.03;166.03;166.07;166.09;166.06;166.06;166.04;166.06;166.09;166.08;166.08;166.13;166.11;166.12;166.12;166.14;166.15;166.16;166.14;166.12;166.23;166.21;166.18;166.16;166.15;166.15;166.15;166.17;166.15;166.18;166.16;166.16;166.17;166.17;166.16;166.18;166.22;166.2;166.21;166.21;166.23;166.24;166.25;166.28;166.29;166.26;166.25;166.23;166.26;166.25;166.27;166.27;166.27;166.24;166.26;166.24;166.26;166.25;166.26;166.25;166.23;166.24;166.25;166.26;166.25;166.28;166.27;166.29;166.29;166.28;166.3;166.26;166.21;166.22;166.21;166.21;166.21;166.23;166.22;166.2;166.17;166.19;166.16;166.17;166.16;166.17;166.2;166.19;166.25;166.23;166.21;166.24;166.27;166.27;166.29;166.29;166.31;166.33;166.36;166.36;166.33;166.33;166.35;166.36;166.35;166.37;166.35;166.33;166.33;166.31;166.31;166.34;166.34;166.38;166.38;166.41;166.41;166.41;166.4;166.42;166.41;166.43;166.47;166.48;166.46;166.46;166.42;166.44;166.5;166.48;166.44;166.41;166.43;166.44;166.42;166.43;166.47;166.49;166.48;166.53;166.46;166.47;166.45;166.4;166.38;166.38;166.42;166.43;166.39;166.41;166.38;166.38;166.42;166.34;166.38;166.4",
"CLOSE_VALUES_NORMALIZED": "163;197;225;228;218;224;232;225;214;219;210;233;236;236;249;260;250;260;254;266;263;286;291;309;304;312;311;293;292;313;295;298;298;293;300;302;288;281;282;260;258;256;251;264;262;250;287;305;295;287;273;274;264;278;282;264;250;223;247;231;241;239;224;189;211;203;194;190;202;210;223;223;219;188;203;196;211;212;216;205;226;233;232;206;198;210;220;232;239;240;232;231;212;200;220;225;230;256;276;285;286;281;289;279;281;299;301;297;333;334;323;329;337;338;336;324;325;321;303;295;296;295;297;320;307;309;313;300;306;322;340;337;335;333;324;336;332;326;324;313;340;321;349;352;357;356;325;334;317;325;321;304;307;314;312;332;332;333;313;309;302;313;305;302;306;300;299;317;298;301;289;296;298;291;291;298;299;281;286;293;299;296;283;284;283;285;276;285;294;295;305;295;303;298;286;267;277;299;295;286;291;297;348;321;327;331;333;326;332;335;340;337;339;331;331;337;334;333;334;335;340;345;362;357;358;358;367;342;341;346;349;349;353;354;341;344;358;362;352;353;346;354;362;360;361;376;371;374;371;380;382;387;380;373;410;402;393;386;384;384;384;390;383;393;385;387;390;389;385;391;406;401;402;403;409;412;415;426;429;421;416;411;419;415;424;422;424;412;420;412;419;416;420;415;410;413;416;418;417;425;424;428;430;425;433;418;404;406;403;402;404;408;406;398;389;395;385;389;385;389;399;397;415;410;404;412;424;424;430;431;437;442;452;452;443;443;449;452;448;457;450;443;443;436;437;445;447;460;459;469;470;468;467;471;468;475;490;494;485;486;474;481;498;492;479;469;476;480;471;477;489;496;494;510;488;489;482;465;458;458;471;476;464;468;458;459;471;446;458;467",
"VOLUME_VALUES": "0;0;0;0;0;0;0;0;0;0;0;0;0;0;0;0;0;0;0;0;0;0;0;0;0;0;0;0;0;0;0;0;0;0;0;0;0;0;0;0;0;0;0;0;0;0;0;0;0;0;0;0;0;0;0;0;0;0;0;0;0;0;0;0;0;0;0;0;0;0;0;0;0;0;0;0;0;0;0;0;0;0;0;0;0;0;0;0;0;0;0;0;0;0;0;0;0;0;0;0;0;0;0;0;0;0;0;0;0;0;0;0;0;0;0;0;0;0;0;0;0;0;0;0;0;0;0;0;0;0;0;0;0;0;0;0;0;0;0;0;0;0;0;0;0;0;0;0;0;0;0;0;0;0;0;0;0;0;0;0;0;0;0;0;0;0;0;0;0;0;0;0;0;0;0;0;0;0;0;0;0;0;0;0;0;0;0;0;0;0;0;0;0;0;0;0;0;0;0;0;0;0;0;0;0;0;0;0;0;0;0;0;0;0;0;0;0;0;0;0;0;0;0;0;0;0;0;0;0;0;0;0;0;0;0;0;0;0;0;0;0;0;0;0;0;0;0;0;0;0;0;0;0;0;0;0;0;0;0;0;0;0;0;0;0;0;0;0;0;0;0;0;0;0;0;0;0;0;0;0;0;0;0;0;0;0;0;0;0;0;0;0;0;0;0;0;0;0;0;0;0;0;0;0;0;0;0;0;0;0;0;0;0;0;0;0;0;0;0;0;0;0;0;0;0;0;0;0;0;0;0;0;0;0;0;0;0;0;0;0;0;0;0;0;0;0;0;0;0;0;0;0;0;0;0;0;0;0;0;0;0;0;0;0;0;0;0;0;0;0;0;0;0;0;0;0;0;0;0;0;0;0;0;0;0;0;0;0;0;0",
"VOLUME_VALUES_NORMALIZED": "0;0;0;0;0;0;0;0;0;0;0;0;0;0;0;0;0;0;0;0;0;0;0;0;0;0;0;0;0;0;0;0;0;0;0;0;0;0;0;0;0;0;0;0;0;0;0;0;0;0;0;0;0;0;0;0;0;0;0;0;0;0;0;0;0;0;0;0;0;0;0;0;0;0;0;0;0;0;0;0;0;0;0;0;0;0;0;0;0;0;0;0;0;0;0;0;0;0;0;0;0;0;0;0;0;0;0;0;0;0;0;0;0;0;0;0;0;0;0;0;0;0;0;0;0;0;0;0;0;0;0;0;0;0;0;0;0;0;0;0;0;0;0;0;0;0;0;0;0;0;0;0;0;0;0;0;0;0;0;0;0;0;0;0;0;0;0;0;0;0;0;0;0;0;0;0;0;0;0;0;0;0;0;0;0;0;0;0;0;0;0;0;0;0;0;0;0;0;0;0;0;0;0;0;0;0;0;0;0;0;0;0;0;0;0;0;0;0;0;0;0;0;0;0;0;0;0;0;0;0;0;0;0;0;0;0;0;0;0;0;0;0;0;0;0;0;0;0;0;0;0;0;0;0;0;0;0;0;0;0;0;0;0;0;0;0;0;0;0;0;0;0;0;0;0;0;0;0;0;0;0;0;0;0;0;0;0;0;0;0;0;0;0;0;0;0;0;0;0;0;0;0;0;0;0;0;0;0;0;0;0;0;0;0;0;0;0;0;0;0;0;0;0;0;0;0;0;0;0;0;0;0;0;0;0;0;0;0;0;0;0;0;0;0;0;0;0;0;0;0;0;0;0;0;0;0;0;0;0;0;0;0;0;0;0;0;0;0;0;0;0;0;0;0;0;0;0;0;0;0;0;0;0;0;0;0;0;0;0;0",
"INDICATORS": null,
"PRICE_PRECISION": 2,
"PRICEMULTIPLIER": null,
"PERIOD_TYPE": "PreviousBusinessDay",
"PERIOD_AMOUNT": "",
"GRANULARITY": "Minute"
}
}